-- MySQL dump 10.13  Distrib 8.0.19, for Win64 (x86_64)
--
-- Host: localhost    Database: dna
-- ------------------------------------------------------
-- Server version	8.0.44

/*!40101 SET @OLD_CHARACTER_SET_CLIENT=@@CHARACTER_SET_CLIENT */;
/*!40101 SET @OLD_CHARACTER_SET_RESULTS=@@CHARACTER_SET_RESULTS */;
/*!40101 SET @OLD_COLLATION_CONNECTION=@@COLLATION_CONNECTION */;
/*!50503 SET NAMES utf8mb4 */;
/*!40103 SET @OLD_TIME_ZONE=@@TIME_ZONE */;
/*!40103 SET TIME_ZONE='+00:00' */;
/*!40014 SET @OLD_UNIQUE_CHECKS=@@UNIQUE_CHECKS, UNIQUE_CHECKS=0 */;
/*!40014 SET @OLD_FOREIGN_KEY_CHECKS=@@FOREIGN_KEY_CHECKS, FOREIGN_KEY_CHECKS=0 */;
/*!40101 SET @OLD_SQL_MODE=@@SQL_MODE, SQL_MODE='NO_AUTO_VALUE_ON_ZERO' */;
/*!40111 SET @OLD_SQL_NOTES=@@SQL_NOTES, SQL_NOTES=0 */;

--
-- Table structure for table `character_features`
--

DROP TABLE IF EXISTS `character_features`;
/*!40101 SET @saved_cs_client     = @@character_set_client */;
/*!50503 SET character_set_client = utf8mb4 */;
CREATE TABLE `character_features` (
  `id` bigint NOT NULL AUTO_INCREMENT COMMENT '특징 PK',
  `character_id` bigint NOT NULL COMMENT 'characters.id 참조',
  `feature` varchar(50) COLLATE utf8mb4_unicode_ci NOT NULL COMMENT '캐릭터 특징 태그 (예: 딜러, 서포터)',
  PRIMARY KEY (`id`),
  KEY `fk_feature_character` (`character_id`),
  CONSTRAINT `fk_feature_character` FOREIGN KEY (`character_id`) REFERENCES `characters` (`id`) ON DELETE CASCADE
) ENGINE=InnoDB AUTO_INCREMENT=257 DEFAULT CHARSET=utf8mb4 COLLATE=utf8mb4_unicode_ci COMMENT='캐릭터 특징 태그 목록';
/*!40101 SET character_set_client = @saved_cs_client */;

--
-- Dumping data for table `character_features`
--

LOCK TABLES `character_features` WRITE;
/*!40000 ALTER TABLE `character_features` DISABLE KEYS */;
INSERT INTO `character_features` VALUES (61,9,'support'),(63,13,'support'),(106,18,'consonanceWeapon'),(107,18,'weaponDmg'),(108,18,'skillDmg'),(109,18,'dps'),(146,23,'dps'),(147,23,'skillDmg'),(154,24,'dps'),(155,24,'maxHp'),(156,24,'skillDmg'),(210,12,'dps'),(211,12,'skillDmg'),(212,10,'dps'),(213,10,'consonanceWeapon'),(214,10,'weaponDmg'),(215,11,'control'),(216,11,'support'),(220,14,'support'),(221,14,'sanityRecovery'),(222,14,'heal'),(223,30,'shield'),(224,30,'def'),(225,30,'support'),(226,15,'maxHp'),(227,15,'skillDmg'),(228,15,'dps'),(229,16,'dps'),(230,16,'weaponDmg'),(231,17,'weaponDmg'),(232,17,'dps'),(233,17,'consonanceWeapon'),(234,19,'support'),(235,19,'maxHp'),(236,19,'heal'),(237,20,'skillDmg'),(238,20,'summon'),(239,20,'dps'),(240,21,'weaponDmg'),(241,21,'consonanceWeapon'),(242,21,'dps'),(243,22,'support'),(244,22,'control'),(245,22,'summon'),(246,25,'skillDmg'),(247,25,'dps'),(248,26,'dps'),(249,26,'skillDmg'),(250,27,'control'),(251,27,'dps'),(252,27,'skillDmg'),(253,28,'skillDmg'),(254,28,'dps'),(255,29,'dps'),(256,29,'weaponDmg');
/*!40000 ALTER TABLE `character_features` ENABLE KEYS */;
UNLOCK TABLES;

--
-- Table structure for table `character_passive_upgrades`
--

DROP TABLE IF EXISTS `character_passive_upgrades`;
/*!40101 SET @saved_cs_client     = @@character_set_client */;
/*!50503 SET character_set_client = utf8mb4 */;
CREATE TABLE `character_passive_upgrades` (
  `id` bigint NOT NULL AUTO_INCREMENT COMMENT '패시브 업그레이드 PK',
  `character_id` bigint NOT NULL COMMENT 'characters.id 참조',
  `upgrade_key` varchar(50) COLLATE utf8mb4_unicode_ci NOT NULL COMMENT '업그레이드 고유 키',
  `upgrade_type` varchar(10) COLLATE utf8mb4_unicode_ci NOT NULL COMMENT '업그레이드 유형 (STAT / ABILITY / COOP)',
  `target_stat` varchar(30) COLLATE utf8mb4_unicode_ci DEFAULT NULL COMMENT '대상 스탯 (ATK, SKILL_EFFICIENCY 등, STAT 타입일 때만)',
  `value` decimal(6,2) DEFAULT NULL COMMENT '증가 값(%)',
  `name` varchar(100) COLLATE utf8mb4_unicode_ci NOT NULL COMMENT '업그레이드 이름 (표시용)',
  `description` text COLLATE utf8mb4_unicode_ci COMMENT '업그레이드 설명',
  PRIMARY KEY (`id`),
  UNIQUE KEY `uk_character_upgrade` (`character_id`,`upgrade_key`),
  CONSTRAINT `fk_passive_upgrade_character` FOREIGN KEY (`character_id`) REFERENCES `characters` (`id`) ON DELETE CASCADE
) ENGINE=InnoDB AUTO_INCREMENT=145 DEFAULT CHARSET=utf8mb4 COLLATE=utf8mb4_unicode_ci COMMENT='캐릭터 패시브 강화 업그레이드 항목';
/*!40101 SET character_set_client = @saved_cs_client */;

--
-- Dumping data for table `character_passive_upgrades`
--

LOCK TABLES `character_passive_upgrades` WRITE;
/*!40000 ALTER TABLE `character_passive_upgrades` DISABLE KEYS */;
INSERT INTO `character_passive_upgrades` VALUES (13,9,'radiantGrace','ABILITY',NULL,NULL,'유광','[빛보라] 발동 시, 자신과 팀원에게 발동 확률 상승 효과를 부여한다.'),(14,9,'skillDuration_6','STAT','skillDuration',6.00,'스킬 지속 레벨업','스킬 지속 +6%'),(15,9,'skillRange_18','STAT','skillRange',18.00,'스킬 범위 레벨업','스킬 범위 +18%'),(16,9,'edge','COOP','weaponDmg',8.00,'예리','자신과 팀원이 입히는 무기 대미지(+8%)가 상승한다.'),(17,9,'skillDuration_9','STAT','skillDuration',9.00,'스킬 지속 레벨업','스킬 지속 +9%'),(18,9,'skillRange_12','STAT','skillRange',12.00,'스킬 범위 레벨업','스킬 범위 +12%'),(19,10,'attack_per_20','STAT','attack_per',20.00,'공격 레벨업','공격 +20%'),(20,10,'attack_per_30','STAT','attack_per',30.00,'공격 레벨업','공격 +30%'),(21,10,'skillEfficiency_5','STAT','skillEfficiency',5.00,'스킬 효율  레벨업','스킬 효율 +5%'),(22,10,'skillEfficiency_7_5','STAT','skillEfficiency',7.50,'스킬 효율  레벨업','스킬 효율 +7.5%'),(23,10,'afterburn','ABILITY',NULL,NULL,'잔불','[어둠의 불꽃] 시전 후 다음 [잔광]을 시전할 때 정신력을 소모하지 않는다.'),(24,10,'heartDevourer','COOP',NULL,40.00,'심장 포식','자신과 어둠 속성 팀원의 공격력(+40%)이 상승한다.'),(25,11,'skillRange_18','STAT','skillRange',18.00,'스킬 범위 레벨업','스킬 범위 +18%'),(26,11,'attack_per_20','STAT','attack_per',20.00,'공격 레벨업','공격 +20%'),(27,11,'argentLacrima','ABILITY',NULL,NULL,'은루 부식','[아조트탄] 보유 기간에, 원거리 무기로 대미지를 입힐 시 대상의 [부패 레시피] 지속 대미지를 1회 추가로 입힌다. 결산 배율은 자신의 원거리 무기 발동 확률을 기반으로 한다.'),(28,11,'ardentImpulse','STAT',NULL,40.00,'격앙','자신과 팀원의 크리티컬 확률(+40%)이 상승한다.'),(29,11,'skillRange_12','STAT','skillRange',12.00,'스킬 범위 레벨업','스킬 범위 +12%'),(30,11,'attack_per_30','STAT','attack_per',30.00,'공격 레벨업','공격 +30%'),(31,12,'attack_per_30','STAT','attack_per',30.00,'공격 레벨업','공격 +30%'),(32,12,'skillRange_12','STAT','skillRange',12.00,'스킬 범위 레벨업','스킬 범위 +12%'),(33,12,'nightfall','ABILITY',NULL,NULL,'황혼','[달 사냥]은 어둠 속성 추가 효과를 발동하고, [일식]은 빛 속성 추가 효과를 발동한다.'),(34,12,'skillRange_18','STAT','skillRange',18.00,'스킬 범위 레벨업','스킬 범위 +18%'),(35,12,'attack_per_20','STAT','attack_per',20.00,'공격 레벨업','공격 +20%'),(36,12,'crimsonRadiance','COOP','attack_per',50.00,'십일 유금','자신과 빛 속성 팀원의 공격력(+50%)이 상승한다.'),(37,13,'toBeContinued','ABILITY',NULL,NULL,'이야기는 끝나지 않았다','[어느 따뜻한 오후에] 시전 시, [붓 끝에 핀 꽃] 단계에 따라 자신과 팀원에게 대미지 상승 효과를 부여한다.'),(38,13,'skillRange_18','STAT','skillRange',18.00,'스킬 범위 레벨업','스킬 범위 +18%'),(39,13,'skillDuration_6','STAT','skillDuration',6.00,'스킬 지속 레벨업','스킬 지속 +6%'),(40,13,'skillRange_12','STAT','skillRange',12.00,'스킬 범위 레벨업','스킬 범위 +12%'),(41,13,'advance_PokerCardSoldiers','COOP','weaponDmg',10.00,'전진, 포커 병사!','자신과 마스터리 무기에 한손검과 돌격소총을 포함한 팀원이 입히는 무기 대미지가 상승한다.'),(42,13,'skillDuration_9','STAT','skillDuration',9.00,'스킬 지속 레벨업','스킬 지속 +9%'),(43,14,'brimfulofVitality','ABILITY',NULL,NULL,'화려한 개화','자신이 있는 [소환물 · 운리] 수량을 기반으로, 자신의 스킬 위력(운리 한마리 당 +33.0%) 상승.'),(44,14,'skillIntensity_8','STAT','skillIntensity',8.00,'스킬 위력 레벨업','스킬 위력 +8%'),(45,14,'skillDuration_6','STAT','skillDuration',6.00,'스킬 지속 레벨업','스킬 지속 +6%'),(46,14,'meridianSynergy','COOP','skillDmg',10.00,'주파수 일치','파티 내에 동일한 속성의 캐릭터가 2명 이상 있을 경우, 자신과 팀원이 입히는 스킬 대미지(+10%)가 상승한다.'),(47,14,'skillDuration_9','STAT','skillDuration',9.00,'스킬 지속 레벨업','스킬 지속 +9%'),(48,14,'skillIntensity_12','STAT','skillIntensity',12.00,'스킬 위력 레벨업','스킬 위력 +12%'),(49,15,'hp_per_20','STAT','hp_per',19.00,'HP 레벨업','HP +20%'),(50,15,'hp_per_30','STAT','hp_per',30.00,'HP 레벨업','HP +30%'),(51,15,'skillDuration_6','STAT','skillDuration',6.00,'스킬 지속 레벨업','스킬 지속 +6%'),(52,15,'skillDuration_9','STAT','skillDuration',9.00,'스킬 지속 레벨업','스킬 지속 +6%'),(53,15,'guiltyVerdict','ABILITY',NULL,NULL,'죄명 선고','자신이 도발 된 적에게 입힌느 대미지(+50%)가 상승한다.'),(54,15,'aetherflame','COOP','attack_per',40.00,'무연 화','자신과 불 속성 팀원의 공격력(+40%)이 상승한다.'),(55,16,'attack_per_20','STAT','attack_per',20.00,'공격 레벨업','공격 +20%'),(56,16,'attack_per_30','STAT','attack_per',30.00,'공격 레벨업','공격 +30%'),(57,16,'critRate_20','STAT','critRate',20.00,'무기 크리티컬 확률 레벨업','무기 크리티컬 확률 +20%'),(58,16,'critRate_30','STAT','critRate',30.00,'무기 크리티컬 확률 레벨업','무기 크리티컬 확률 +30%'),(59,16,'yetTheDrifterMarksTheChange','ABILITY',NULL,NULL,'각주흔 기억','[차상] 상태에 진입 시 [검의 의지]를 기록하여, 일정 시간 내 자신의 [검의 의지]가 기록값보다 낮다면, [인생무상]의 [검의 의지] 수익 계산 시 강제로 기록값에 따라 계산한다. [차상] 상태에서 나가면 해당 효과는 사라진다. [차상] 상태에서 나갈 시, [현의 의지]를 기록하여, 일정 시간 내 자신의 [현의 의지]가 기록값보다 낮다면, [인생무상]의 [현의 의지] 수익계산 시 강제로 기록값에 따라 계산한다. [차상]상태에 진입하면 해당 효과는 사라진다.'),(60,16,'whenTheSkyRanGold','STAT','attack_per',50.00,'십일 유금','자신과 빛 속성 팀원의 공격력이 상승한다.'),(61,17,'attack_per_20','STAT','attack_per',20.00,'공격 레벨업','공격 +20%'),(62,17,'attack_per_30','STAT','attack_per',30.00,'공격 레벨업','공격 +30%'),(63,17,'skillDuration_6','STAT','skillDuration',6.00,'스킬 지속 레벨업','스킬 지속 +6%'),(64,17,'skillDuration_9','STAT','skillDuration',9.00,'스킬 지속 레벨업','스킬 지속 +9%'),(65,17,'cantKeepMyCool','ABILITY',NULL,NULL,'생각할수록 화나!!!','콤보 레벨 S 달성 시 [사마엘] 차지 공격을 시전하면 [못 참아] 효과가 추가로 일정 시간 지속된다.'),(66,17,'crimsonRadiance','STAT','attack_per',40.00,'주홍빛 난반사','자신과 빛 속성 팀원의 공격력이 상승한다.'),(67,18,'resolve_2','STAT','resolve',2.00,'필사 레벨업','필사 +2%'),(68,18,'resolve_3','STAT','resolve',3.00,'필사 레벨업','필사 +3%'),(69,18,'skillIntensity_8','STAT','skillIntensity',8.00,'스킬 위력 레벨업','스킬 위력 +8%'),(70,18,'skillIntensity_12','STAT','skillIntensity',12.00,'스킬 위력 레벨업','스킬 위력 +12%'),(71,18,'ephemeralAsDew','ABILITY',NULL,NULL,'아침 이슬처럼','[재탄생] 시전 시, 만약 자신의 HP 비율이 75% 이상일 때, [아침 이슬처럼]을 획득한다. [아침 이슬처럼]: 격양과 필사 계산 시, 자신의 HP 비율은 강제로 1%로 간주된다. 해당 효과는 120초마다 최대 1회 발동한다.'),(72,18,'mirthCarries','COOP','attack_per',50.00,'환연 풍문','자신과 바람 속성 팀원의 공격력(+50%)이 상승한다.'),(73,19,'combatSupply','ABILITY',NULL,NULL,'식료품 보급','스킬 대미지를 입힐 시 일정 확률로 [탄약 보급 상자] 1개를 생성한다.'),(74,19,'skillDuration_6','STAT','skillDuration',6.00,'스킬 지속 레벨업','스킬 지속 +6%'),(75,19,'skillDuration_9','STAT','skillDuration',9.00,'스킬 지속 레벨업','스킬 지속 +9%'),(76,19,'hp_per_30','STAT','hp_per',30.00,'HP 레벨업','HP +30%'),(77,19,'hp_per_20','STAT','hp_per',20.00,'HP 레벨업','HP +20%'),(78,19,'peep_peck','COOP','resolve',5.00,'구구 먹이 찾기','파티 내에 동일한 속성의 캐릭터가 2명 이상 있을 경우, 자신과 팀원의 필사(+5%)가 상승한다.'),(79,20,'attack_per_20','STAT','attack_per',20.00,'공격 레벨업','공격 +20%'),(80,20,'attack_per_30','STAT','attack_per',30.00,'공격 레벨업','공격 +30%'),(81,20,'skillRange_12','STAT','skillRange',12.00,'스킬 범위 레벨업','스킬 범위 +12%'),(82,20,'skillRange_18','STAT','skillRange',18.00,'스킬 범위 레벨업','스킬 범위 +18%'),(83,20,'lovesickEnergy','ABILITY',NULL,NULL,'상사병','근접 무기로 기본 공격을 하여 대미지를 입힐 시, 일정 확률로 대상의 [사랑의 독] 대미지를 1회 추가로 입힌다. [큐피드의 이슬]로 대미지를 입힐 시 확정으로 1회 대상의 [사랑의 독] 대미지를 추가로 결산한다.'),(84,20,'sevenDaySpread','COOP','attack_per',50.00,'7일의 범람','자신과 물 속성 팀원의 공격력(+50%)이 상승한다.'),(85,21,'attack_per_20','STAT','attack_per',20.00,'공격 레벨업','공격 +20%'),(86,21,'attack_per_30','STAT','attack_per',30.00,'공격 레벨업','공격 +30%'),(87,21,'skillDuration_6','STAT','skillDuration',6.00,'스킬 지속 레벨업','스킬 지속 +6%'),(88,21,'skillDuration_9','STAT','skillDuration',9.00,'스킬 지속 레벨업','스킬 지속 +9%'),(89,21,'theUnforgivable','ABILITY',NULL,NULL,'용서받을 수 없는','[찢어진 상처] 상한 도달 시 [찢어짐]을 제거하고 대미지를 입힌다.'),(90,21,'hellforge','COOP','attack_per',50.00,'불의 감옥','자신과 불 속성 팀원의 공격력(+50%)이 상승한다.'),(91,22,'attack_per_20','STAT','attack_per',20.00,'공격 레벨업','공격 +20%'),(92,22,'attack_per_30','STAT','attack_per',30.00,'공격 레벨업','공격 +30%'),(93,22,'skillDuration_6','STAT','skillDuration',6.00,'스킬 지속 레벨업','스킬 지속 +6%'),(94,22,'skillDuration_9','STAT','skillDuration',9.00,'스킬 지속 레벨업','스킬 지속 +9%'),(95,22,'tentaclesAbound','ABILITY',NULL,NULL,'고수가 있다!','[소환물 · 촉수] 소환 시 [타비사]가 1단계의 크리티컬 확률 상승 효과를 획득한다. 최대 10단계 중첩.'),(96,22,'edge','COOP','skillDmg',8.00,'신기한 스킬','자신과 팀원이 입히는 스킬 대미지(+8%)가 상승한다.'),(97,23,'morale_6','STAT','morale',6.00,'격양 레벨업','격양 +6%'),(98,23,'morale_9','STAT','morale',9.00,'격양 레벨업','격양 +9%'),(99,23,'skillIntensity_8','STAT','skillIntensity',8.00,'스킬 위력 레벨업','스킬 위력 +8%'),(100,23,'skillIntensity_12','STAT','skillIntensity',12.00,'스킬 위력 레벨업','스킬 위력 +12%'),(101,23,'mutualGeneration','ABILITY',NULL,NULL,'상생','자신과 다른 팀원이 번개 속성 스킬 대미지를 입힐 시, 자신이 격양 상승 효과 1단계를 획득한다. 최대 20단계 중첩.'),(102,23,'divineRetribution','COOP','attack_per',50.00,'신의 징벌','자신과 번개 속성 팀원의 공격력(+50%)이 상승한다.'),(103,24,'hp_per_20','STAT','hp_per',20.00,'HP 레벨업','HP +20%'),(104,24,'hp_per_30','STAT','hp_per',30.00,'HP 레벨업','HP +30%'),(105,24,'skillIntensity_8','STAT','skillIntensity',8.00,'스킬 위력 레벨업','스킬 위력 +8%'),(106,24,'skillIntensity_12','STAT','skillIntensity',12.00,'스킬 위력 레벨업','스킬 위력 +12%'),(107,24,'masterOfStormclouds','ABILITY',NULL,NULL,'검은 구름손','[신의 권력]과 [군단 징벌]로 대미지를 입힐 시 번개 속성 추가 효과를 발동할 수 있으며, 발동 확률은 자신의 근접 무기의 발동 확률을 기반으로 한다.'),(108,24,'divineRetribution','COOP','attack_per',50.00,'신의 징벌','자신과 번개 속성 팀원의 공격력(+50%)이 상승한다.'),(109,25,'attack_per_20','STAT','attack_per',20.00,'공격 레벨업','공격 +20%'),(110,25,'attack_per_30','STAT','attack_per',30.00,'공격 레벨업','공격 +30%'),(111,25,'skillRange_12','STAT','skillRange',12.00,'스킬 범위 레벨업','스킬 범위 +12%'),(112,25,'skillRange_18','STAT','skillRange',18.00,'스킬 범위 레벨업','스킬 범위 +18%'),(113,25,'poweroffAnxiety','ABILITY',NULL,NULL,'정전 불안','자신이 [전기 에너지]를 소모할 때, 소모량의 50%는 정신력으로 전환된다.'),(114,25,'thunderingNightbreaker','COOP','attack_per',40.00,'어둠 찢는 비뢰','자신과 번개 속성 팀원의 공격력이 상승한다.'),(115,26,'attack_per_20','STAT','attack_per',20.00,'공격 레벨업','공격 +20%'),(116,26,'attack_per_30','STAT','attack_per',30.00,'공격 레벨업','공격 +30%'),(117,26,'skillEfficiency_5','STAT','skillEfficiency',5.00,'스킬 효율 레벨업','스킬 효율 +5%'),(118,26,'skillEfficiency_7.5','STAT','skillEfficiency',7.50,'스킬 효율 레벨업','스킬 효율 +7.5%'),(119,26,'concerto','ABILITY',NULL,NULL,'협주곡','[격노한 예리한 발톱] 3단계와 [비통한 울부짖음]으로 대미지를 입힐 시, 일정 확률로 1단계의 [아다지오]를 부여한다.'),(120,26,'scaleOfJustice','COOP','attack_per',50.00,'저울 판결','자신과 어둠 속성 팀원의 공격력(+50%)이 상승한다.'),(121,27,'attack_per_20','STAT','attack_per',20.00,'공격 레벨업','공격 +20%'),(122,27,'attack_per_30','STAT','attack_per',30.00,'공격 레벨업','공격 +30%'),(123,27,'skillRange_12','STAT','skillRange',12.00,'스킬 범위 레벨업','스킬 범위 +12%'),(124,27,'skillRange_18','STAT','skillRange',18.00,'스킬 범위 레벨업','스킬 범위 +18%'),(125,27,'margiesPepSong','ABILITY',NULL,NULL,'마르제의 응원가','주변의 팀원이 공격 상승 효과(+45%)를 획득한다.'),(126,27,'strike','STAT','attack_per',40.00,'공습','자신과 팀원의 공격력(+40%)이 상승한다.'),(127,28,'attack_per_20','STAT','attack_per',20.00,'공격 레벨업','공격 +20%'),(128,28,'attack_per_30','STAT','attack_per',30.00,'공격 레벨업','공격 +30%'),(129,28,'skillIntensity_8','STAT','skillIntensity',8.00,'스킬 위력 레벨업','스킬 위력 +8%'),(130,28,'skillIntensity_12','STAT','skillIntensity',12.00,'스킬 위력 레벨업','스킬 위력 +12%'),(131,28,'bombingMemories','ABILITY',NULL,NULL,'굉음 회상','[귀요미]를 시전할 때마다 [광란의 굉음] 1단계 획득한다. 스킬 효율 상승, 최대 중첩 3단계.'),(132,28,'aetherflame','STAT','attack_per',40.00,'무연 화염','자신과 불 속성 팀원의 공격력(+40%)이 상승한다.'),(133,29,'attack_per_20','STAT','attack_per',20.00,'공격 레벨업','공격 +20%'),(134,29,'attack_per_30','STAT','attack_per',30.00,'공격 레벨업','공격 +30%'),(135,29,'skillDUration_6','STAT','skillDuration',6.00,'스킬 지속 레벨업','스킬 지속 +6%'),(136,29,'skillDUration_9','STAT','skillDuration',9.00,'스킬 지속 레벨업','스킬 지속 +9%'),(137,29,'ravenousGnaw','ABILITY',NULL,NULL,'물어뜯기','[쟁취] 상태가 아닐 때, 근접 무기로 대미지를 입힐 시 일정 확률로 1발의 [송곳니의 가시]를 생성하여 대상을 공격하고, 효과는 매초 최대 1회 발동한다.'),(138,29,'airDominance','COOP','attack_per',40.00,'천공의 지배','자신과 바람 속성 팀원의 공격력(+40%)이 상승한다.'),(139,30,'defense_per_20','STAT','defense_per',20.00,'방어 레벨업','방어 +20%'),(140,30,'defense_per_30','STAT','defense_per',30.00,'방어 레벨업','방어 +30%'),(141,30,'skillDuration_6','STAT','skillDuration',6.00,'스킬 지속 레벨업','스킬 지속 +6%'),(142,30,'skillDuration_9','STAT','skillDuration',9.00,'스킬 지속 레벨업','스킬 지속 +9%'),(143,30,'well_DeservedBreak','ABILITY',NULL,NULL,'합리적인 휴가','[방어벽]이 [랜디] 최대 HP의 70%에 해당하는 대미지 누적 흡수 시 정신력을 소모해 [방어벽]을 리셋하고 [정당한 태업] 방어벽을 펼쳐 1회의 대미지를 입힌다.'),(144,30,'holdfast','COOP','defense_per',40.00,'고수','자신과 팀원의 방어력(+40%)이 상승한다.');
/*!40000 ALTER TABLE `character_passive_upgrades` ENABLE KEYS */;
UNLOCK TABLES;

--
-- Table structure for table `character_stats`
--

DROP TABLE IF EXISTS `character_stats`;
/*!40101 SET @saved_cs_client     = @@character_set_client */;
/*!50503 SET character_set_client = utf8mb4 */;
CREATE TABLE `character_stats` (
  `character_id` bigint NOT NULL COMMENT 'characters.id (1:1 기본 능력치)',
  `attack` decimal(5,2) NOT NULL COMMENT '기본 공격력',
  `hp` int NOT NULL COMMENT '기본 체력',
  `defense` int NOT NULL COMMENT '기본 방어력',
  `max_mentality` int NOT NULL COMMENT '최대 정신력',
  `resolve` decimal(5,2) NOT NULL COMMENT '필사 수치(%)',
  `morale` decimal(5,2) NOT NULL COMMENT '격양 수치(%)',
  PRIMARY KEY (`character_id`),
  CONSTRAINT `fk_stats_character` FOREIGN KEY (`character_id`) REFERENCES `characters` (`id`) ON DELETE CASCADE
) ENGINE=InnoDB DEFAULT CHARSET=utf8mb4 COLLATE=utf8mb4_unicode_ci COMMENT='캐릭터 기본 능력치';
/*!40101 SET character_set_client = @saved_cs_client */;

--
-- Dumping data for table `character_stats`
--

LOCK TABLES `character_stats` WRITE;
/*!40000 ALTER TABLE `character_stats` DISABLE KEYS */;
INSERT INTO `character_stats` VALUES (9,276.00,1506,300,100,0.00,0.00),(10,251.00,1255,300,150,0.00,0.00),(11,238.00,1255,285,160,0.00,0.00),(12,264.00,1318,255,180,0.00,0.00),(13,276.00,1318,315,160,0.00,0.00),(14,288.70,1318,315,150,0.00,0.00),(15,188.28,3446,345,120,0.00,0.00),(16,314.00,1695,315,180,0.00,0.00),(17,301.00,1130,240,150,0.00,0.00),(18,351.00,879,252,150,5.00,0.00),(19,150.63,3483,310,120,0.00,0.00),(20,314.00,1255,252,150,0.00,0.00),(21,289.00,1318,240,150,0.00,0.00),(22,213.00,1444,300,150,0.00,0.00),(23,301.00,1004,252,240,0.00,15.00),(24,163.00,3483,345,200,0.00,0.00),(25,276.00,1180,276,150,0.00,0.00),(26,264.00,1632,330,180,0.00,0.00),(27,264.00,1042,264,160,0.00,0.00),(28,264.00,1205,288,180,0.00,0.00),(29,251.00,1067,285,120,0.00,0.00),(30,175.73,1318,765,120,0.00,0.00);
/*!40000 ALTER TABLE `character_stats` ENABLE KEYS */;
UNLOCK TABLES;

--
-- Table structure for table `characters`
--

DROP TABLE IF EXISTS `characters`;
/*!40101 SET @saved_cs_client     = @@character_set_client */;
/*!50503 SET character_set_client = utf8mb4 */;
CREATE TABLE `characters` (
  `id` bigint NOT NULL AUTO_INCREMENT COMMENT '캐릭터 PK',
  `slug` varchar(50) COLLATE utf8mb4_unicode_ci NOT NULL COMMENT '캐릭터 고유 식별자(URL 및 API용)',
  `name` varchar(50) COLLATE utf8mb4_unicode_ci NOT NULL COMMENT '캐릭터 이름',
  `element` varchar(10) COLLATE utf8mb4_unicode_ci NOT NULL COMMENT '캐릭터 속성',
  `image` varchar(255) COLLATE utf8mb4_unicode_ci NOT NULL COMMENT '캐릭터 대표 이미지 경로',
  `element_image` varchar(255) COLLATE utf8mb4_unicode_ci NOT NULL COMMENT '속성 아이콘 이미지 경로',
  `list_image` varchar(255) COLLATE utf8mb4_unicode_ci NOT NULL COMMENT '캐릭터 목록 이미지',
  `melee_proficiency` varchar(20) CHARACTER SET utf8mb4 COLLATE utf8mb4_unicode_ci DEFAULT NULL COMMENT '근접 무기 숙련 타입',
  `ranged_proficiency` varchar(20) CHARACTER SET utf8mb4 COLLATE utf8mb4_unicode_ci DEFAULT NULL COMMENT '원거리 무기 숙련 타입',
  `created_at` timestamp NULL DEFAULT CURRENT_TIMESTAMP COMMENT '캐릭터 데이터 생성 일시',
  PRIMARY KEY (`id`),
  UNIQUE KEY `slug` (`slug`)
) ENGINE=InnoDB AUTO_INCREMENT=31 DEFAULT CHARSET=utf8mb4 COLLATE=utf8mb4_unicode_ci COMMENT='캐릭터 기본 정보 (루트 테이블)';
/*!40101 SET character_set_client = @saved_cs_client */;

--
-- Dumping data for table `characters`
--

LOCK TABLES `characters` WRITE;
/*!40000 ALTER TABLE `characters` DISABLE KEYS */;
INSERT INTO `characters` VALUES (9,'player','월석 사냥꾼','lumino','a0b4dc83-04d3-42c3-8e60-47b4829e8123.webp','/images/element_icon/lumino.png','657a6aa2-6578-46b0-ab50-3a5dc82805f0.png','sword','assaultRifle','2026-02-11 13:59:17'),(10,'berenica','베레니카','umbro','d9b4d814-eb07-4c2f-b866-ed958c406185.png','/images/element_icon/umbro.png','385bfdef-835f-4f45-b1b9-39f33ec74909.png','sword','dualPistols','2026-02-11 22:02:29'),(11,'daphne','다프네','anemo','29d807d9-9255-4b13-b3a9-82cd10aa8a3a.png','/images/element_icon/anemo.png','e8385d87-d2d8-4886-a096-9ddf9477ca5d.png','whipsword','assaultRifle','2026-02-12 21:32:58'),(12,'nifle','나이플 부인','lumino','18a9bd5d-8d98-470e-aeda-3347fd035627.png','/images/element_icon/lumino.png','86cea75f-9d64-4941-8bd9-b9d39498109f.png','katana','pistol','2026-02-13 14:02:34'),(13,'fina','피나','lumino','b6c87051-6951-4543-91ef-c347fc0813ee.png','/images/element_icon/lumino.png','38d35fb5-ef6e-410b-a10e-033052954d7e.png','sword','assaultRifle','2026-02-14 12:59:49'),(14,'fushu','부소','hydro','e592f9f7-d1e1-4d36-a102-a404aafd1982.png','/images/element_icon/hydro.png','e010ccd2-4fca-424e-8db3-0df97926b278.png','whipsword','bow','2026-02-15 01:31:05'),(15,'hellfire','헬파이어','pyro','e5796081-045d-432e-bf36-f00ca0616e8c.png','/images/element_icon/pyro.png','32d6b70d-48fe-46d0-a949-4790fa40174c.png','greatsword','grenadeLauncher','2026-02-15 01:36:25'),(16,'kezhou','각주','lumino','ea51b7ad-a81d-440b-b8f3-09a727b36abf.png','/images/element_icon/lumino.png','f3b78ead-d1c6-4cc5-a56c-d65bfc8d72e6.png','','','2026-02-15 01:50:32'),(17,'lisbell','리사벨','lumino','33156ac7-1a40-4760-b770-73af6cf4d931.png','/images/element_icon/lumino.png','753f3c0e-e4cc-4cee-84fd-2c0dacabc9ce.png','greatsword','shotgun','2026-02-15 02:53:49'),(18,'psyche','프시케','anemo','fe441180-27f1-415d-af80-453977bdb436.png','/images/element_icon/anemo.png','a9986837-e9fd-419a-ad41-2a0aaa74efe7.png','polearm','assaultRifle','2026-02-15 03:09:52'),(19,'truffle','트러플과 헤이즐넛','anemo','5d102978-ac27-4353-80b9-5ab6f0a73cd0.png','/images/element_icon/anemo.png','f2e532c5-6703-4ef0-8a0e-09345ebd4224.png','polearm','bow','2026-02-15 04:25:33'),(20,'rebecca','레베카','hydro','c7269f2d-437a-4885-863b-6180e47eb769.png','/images/element_icon/hydro.png','bb3a8bee-0575-4122-b5f2-045133c543d4.png','polearm','grenadeLauncher','2026-02-15 04:39:31'),(21,'lynn','린','pyro','1b6f00ee-80fe-4820-b2f5-0013b92c6fea.png','/images/element_icon/pyro.png','1e45731e-e31a-4083-b03b-2bd90d5e31d9.png','greatsword','dualPistols','2026-02-15 04:55:23'),(22,'tabethe','타비사','hydro','8d2da90b-ffa8-46ee-aafc-8d72fb86aaf5.png','/images/element_icon/hydro.png','758fb6ea-d994-4e37-b8ad-21251ca13cbe.png','sword','bow','2026-02-15 07:15:35'),(23,'zhiliu','지류','electro','6dd944db-7e42-4afe-a3b3-176093cfcf29.png','/images/element_icon/electro.png','ee09f809-c0b1-492e-a05e-7567a8ab53b0.png','greatsword','dualPistols','2026-02-15 07:21:51'),(24,'sibylle','시빌라','electro','f6b2b2b8-3c34-4630-aa72-0a7d139be91d.png','/images/element_icon/electro.png','25566b21-7afe-4b51-9abf-dc0bc9e9cccb.png','whipsword','pistol','2026-02-15 07:39:18'),(25,'rhythm','리듬','electro','f3f62d87-f432-4ea7-9850-0e562a73b6fe.png','/images/element_icon/electro.png','45972feb-242f-4bca-b60f-367739e5024e.png','katana','assaultRifle','2026-02-15 07:48:44'),(26,'phantasio','환상','umbro','2cc4ddd2-b648-4e68-9311-1360de33def0.png','/images/element_icon/umbro.png','d3bd21f7-db43-409a-b978-6c768affc4af.png','greatsword','shotgun','2026-02-15 08:01:10'),(27,'margie','마르제','pyro','ee3baf50-65da-48bb-a365-5b48ebc45e73.png','/images/element_icon/pyro.png','f6ba0d90-e7d6-4c89-a83c-ae1f49334a71.png','polearm','shotgun','2026-02-15 08:14:24'),(28,'yale','예일과 올리버','pyro','a9b23b9e-05a8-4080-af14-b9ff523bcbd6.png','/images/element_icon/pyro.png','c4e89a8b-b070-4471-aaa3-7b601883b46f.png','sword','shotgun','2026-02-15 10:16:38'),(29,'outsider','아웃사이더','anemo','1ca21cfa-46ec-4a29-ab01-7e48d0787350.png','/images/element_icon/anemo.png','6b76de50-b556-4e93-8bce-9018024f91b0.png','dualBlades','dualPistols','2026-02-15 10:24:46'),(30,'randy','랜디','electro','241b026e-8c06-44dc-b80a-dc44141d24a6.png','/images/element_icon/electro.png','3966b686-295e-4230-adc8-1980facf6ed6.png','sword','pistol','2026-02-15 10:31:11');
/*!40000 ALTER TABLE `characters` ENABLE KEYS */;
UNLOCK TABLES;

--
-- Table structure for table `common_code_labels`
--

DROP TABLE IF EXISTS `common_code_labels`;
/*!40101 SET @saved_cs_client     = @@character_set_client */;
/*!50503 SET character_set_client = utf8mb4 */;
CREATE TABLE `common_code_labels` (
  `code_type` varchar(30) COLLATE utf8mb4_unicode_ci NOT NULL,
  `code` varchar(30) COLLATE utf8mb4_unicode_ci NOT NULL,
  `label` varchar(50) COLLATE utf8mb4_unicode_ci NOT NULL,
  PRIMARY KEY (`code_type`,`code`,`label`),
  CONSTRAINT `common_code_labels_common_codes_FK` FOREIGN KEY (`code_type`, `code`) REFERENCES `common_codes` (`code_type`, `code`)
) ENGINE=InnoDB DEFAULT CHARSET=utf8mb4 COLLATE=utf8mb4_unicode_ci;
/*!40101 SET character_set_client = @saved_cs_client */;

--
-- Dumping data for table `common_code_labels`
--

LOCK TABLES `common_code_labels` WRITE;
/*!40000 ALTER TABLE `common_code_labels` DISABLE KEYS */;
INSERT INTO `common_code_labels` VALUES ('ATTACK_TYPE','slash','베기'),('ATTACK_TYPE','smash','진동'),('ATTACK_TYPE','spike','관통'),('CATEGORY','melee','근거리'),('CATEGORY','ranged','원거리'),('ELEMENT','anemo','바람'),('ELEMENT','electro','번개'),('ELEMENT','hydro','물'),('ELEMENT','lumino','빛'),('ELEMENT','pyro','불'),('ELEMENT','umbro','어둠'),('EQUIP_TYPE','character','캐릭터'),('EQUIP_TYPE','consonanceWeapon','동조 무기'),('EQUIP_TYPE','meleeConsonanceWeapon','근거리 동조 무기'),('EQUIP_TYPE','meleeWeapon','근거리 무기'),('EQUIP_TYPE','rangedConsonanceWeapon','원거리 동조 무기'),('EQUIP_TYPE','rangedWeapon','원거리 무기'),('FEATURE','consonanceWeapon','동조 무기'),('FEATURE','control','제어'),('FEATURE','def','방어'),('FEATURE','dps','딜러'),('FEATURE','heal','치료'),('FEATURE','maxHp','최대 HP'),('FEATURE','maxSanity','최대 정신력'),('FEATURE','sanityRecovery','정신력 회복'),('FEATURE','shield','실드'),('FEATURE','skillDmg','스킬 대미지'),('FEATURE','summon','소환물'),('FEATURE','support','서포터'),('FEATURE','weaponDmg','무기 대미지'),('MELEEWEAPON','dualBlades','쌍도'),('MELEEWEAPON','greatsword','대검'),('MELEEWEAPON','katana','대도'),('MELEEWEAPON','polearm','장병기'),('MELEEWEAPON','sword','한손검'),('MELEEWEAPON','whipsword','칼날 채찍'),('RANGEDWEAPON','assaultRifle','돌격소총'),('RANGEDWEAPON','bow','활'),('RANGEDWEAPON','dualPistols','쌍권총'),('RANGEDWEAPON','grenadeLauncher','핸드 캐논'),('RANGEDWEAPON','pistol','권총'),('RANGEDWEAPON','shotgun','산탄총'),('STAT','ammoConversionRate','탄환 전환율'),('STAT','attack','공격력'),('STAT','attack_per','공격력%'),('STAT','attackRange','공격 범위'),('STAT','attackSpeed','공격 속도'),('STAT','beamLength','광선 길이'),('STAT','critDamage','치명타 피해'),('STAT','critRate','치명타 확률'),('STAT','damage','대미지%'),('STAT','defense','방어력'),('STAT','defense_per','방어%'),('STAT','elementAttack_per','속성 공격력%'),('STAT','explosionRange','폭발 범위'),('STAT','hp','체력'),('STAT','hp_per','HP%'),('STAT','magCapacity','탄창 용량'),('STAT','maxAmmo','최대 탄약'),('STAT','maxMentality','최대 정신력'),('STAT','morale','격양'),('STAT','multishot','다중 사격'),('STAT','normalAttackDmg_per','기본 공격 대미지%'),('STAT','plungeAttackSpeed','낙하 공격 속도'),('STAT','plungeDmg','낙하 공격 대미지%'),('STAT','reloadSpeed','장전 속도'),('STAT','resolve','필사'),('STAT','shield_per','실드%'),('STAT','skillDmg','스킬 대미지'),('STAT','skillDuration','스킬 지속'),('STAT','skillEfficiency','스킬 효율'),('STAT','skillIntensity','스킬 위력'),('STAT','skillRange','스킬 범위'),('STAT','slashAttack_per','베기 공격%'),('STAT','slidingAttackDmg','슬라이딩 공격 대미지%'),('STAT','slidingAttackSpeed','슬라이딩 공격 속도'),('STAT','smashAttack_per','진동 공격%'),('STAT','spikeAttack_per','관통 공격%'),('STAT','triggerProbability','발동 확률'),('STAT','weaponAttack_per','무기 공격력%'),('STAT','weaponDmg','무기 대미지'),('TENDENCY','circle','⊙'),('TENDENCY','crescent','☽'),('TENDENCY','diamond','◊'),('TENDENCY','triangle','◬'),('WORD','attackType','공격 타입'),('WORD','buff','버프'),('WORD','category','카테고리'),('WORD','damage','대미지'),('WORD','element','속성'),('WORD','feature','특성'),('WORD','heal','치료'),('WORD','meleeProficiency','근거리 무기 마스터리'),('WORD','passive','패시브'),('WORD','rangedProficiency','원거리 무기 마스터리'),('WORD','weaponType','무기 타입');
/*!40000 ALTER TABLE `common_code_labels` ENABLE KEYS */;
UNLOCK TABLES;

--
-- Table structure for table `common_codes`
--

DROP TABLE IF EXISTS `common_codes`;
/*!40101 SET @saved_cs_client     = @@character_set_client */;
/*!50503 SET character_set_client = utf8mb4 */;
CREATE TABLE `common_codes` (
  `code_type` varchar(30) COLLATE utf8mb4_unicode_ci NOT NULL,
  `code` varchar(30) COLLATE utf8mb4_unicode_ci NOT NULL,
  PRIMARY KEY (`code_type`,`code`)
) ENGINE=InnoDB DEFAULT CHARSET=utf8mb4 COLLATE=utf8mb4_unicode_ci;
/*!40101 SET character_set_client = @saved_cs_client */;

--
-- Dumping data for table `common_codes`
--

LOCK TABLES `common_codes` WRITE;
/*!40000 ALTER TABLE `common_codes` DISABLE KEYS */;
INSERT INTO `common_codes` VALUES ('ATTACK_TYPE','slash'),('ATTACK_TYPE','smash'),('ATTACK_TYPE','spike'),('CATEGORY','melee'),('CATEGORY','ranged'),('ELEMENT','anemo'),('ELEMENT','electro'),('ELEMENT','hydro'),('ELEMENT','lumino'),('ELEMENT','pyro'),('ELEMENT','umbro'),('EQUIP_TYPE','character'),('EQUIP_TYPE','consonanceWeapon'),('EQUIP_TYPE','meleeConsonanceWeapon'),('EQUIP_TYPE','meleeWeapon'),('EQUIP_TYPE','rangedConsonanceWeapon'),('EQUIP_TYPE','rangedWeapon'),('FEATURE','consonanceWeapon'),('FEATURE','control'),('FEATURE','def'),('FEATURE','dps'),('FEATURE','heal'),('FEATURE','maxHp'),('FEATURE','maxSanity'),('FEATURE','sanityRecovery'),('FEATURE','shield'),('FEATURE','skillDmg'),('FEATURE','summon'),('FEATURE','support'),('FEATURE','weaponDmg'),('MELEEWEAPON','dualBlades'),('MELEEWEAPON','greatsword'),('MELEEWEAPON','katana'),('MELEEWEAPON','polearm'),('MELEEWEAPON','sword'),('MELEEWEAPON','whipsword'),('RANGEDWEAPON','assaultRifle'),('RANGEDWEAPON','bow'),('RANGEDWEAPON','dualPistols'),('RANGEDWEAPON','grenadeLauncher'),('RANGEDWEAPON','pistol'),('RANGEDWEAPON','shotgun'),('STAT','ammoConversionRate'),('STAT','attack'),('STAT','attack_per'),('STAT','attackRange'),('STAT','attackSpeed'),('STAT','beamLength'),('STAT','critDamage'),('STAT','critRate'),('STAT','damage'),('STAT','defense'),('STAT','defense_per'),('STAT','elementAttack_per'),('STAT','explosionRange'),('STAT','hp'),('STAT','hp_per'),('STAT','magCapacity'),('STAT','maxAmmo'),('STAT','maxMentality'),('STAT','morale'),('STAT','multishot'),('STAT','normalAttackDmg_per'),('STAT','plungeAttackSpeed'),('STAT','plungeDmg'),('STAT','reloadSpeed'),('STAT','resolve'),('STAT','shield_per'),('STAT','skillDmg'),('STAT','skillDuration'),('STAT','skillEfficiency'),('STAT','skillIntensity'),('STAT','skillRange'),('STAT','slashAttack_per'),('STAT','slidingAttackDmg'),('STAT','slidingAttackSpeed'),('STAT','smashAttack_per'),('STAT','spikeAttack_per'),('STAT','triggerProbability'),('STAT','weaponAttack_per'),('STAT','weaponDmg'),('TENDENCY','circle'),('TENDENCY','crescent'),('TENDENCY','diamond'),('TENDENCY','triangle'),('WORD','attackType'),('WORD','buff'),('WORD','category'),('WORD','damage'),('WORD','element'),('WORD','feature'),('WORD','heal'),('WORD','meleeProficiency'),('WORD','passive'),('WORD','rangedProficiency'),('WORD','weaponType');
/*!40000 ALTER TABLE `common_codes` ENABLE KEYS */;
UNLOCK TABLES;

--
-- Table structure for table `consonance_weapons`
--

DROP TABLE IF EXISTS `consonance_weapons`;
/*!40101 SET @saved_cs_client     = @@character_set_client */;
/*!50503 SET character_set_client = utf8mb4 */;
CREATE TABLE `consonance_weapons` (
  `character_id` bigint NOT NULL COMMENT 'characters.id (캐릭터 전용 동조 무기)',
  `category` varchar(10) COLLATE utf8mb4_unicode_ci NOT NULL COMMENT '무기 카테고리 (근접/원거리)',
  `weapon_type` varchar(20) COLLATE utf8mb4_unicode_ci NOT NULL COMMENT '무기 타입',
  `attack_type` varchar(10) COLLATE utf8mb4_unicode_ci NOT NULL COMMENT '공격 타입 (베기/관통/진동)',
  `attack` decimal(6,2) NOT NULL COMMENT '무기 공격력',
  `crit_rate` decimal(5,2) NOT NULL COMMENT '치명타 확률(%)',
  `crit_damage` decimal(5,2) NOT NULL COMMENT '치명타 피해량(%)',
  `attack_speed` decimal(4,2) NOT NULL COMMENT '공격 속도',
  `trigger_probability` decimal(5,2) NOT NULL COMMENT '발동 확률(%)',
  `multishot` decimal(5,2) DEFAULT NULL,
  PRIMARY KEY (`character_id`),
  CONSTRAINT `fk_weapon_character` FOREIGN KEY (`character_id`) REFERENCES `characters` (`id`) ON DELETE CASCADE
) ENGINE=InnoDB DEFAULT CHARSET=utf8mb4 COLLATE=utf8mb4_unicode_ci COMMENT='캐릭터 전용 동조 무기 정보';
/*!40101 SET character_set_client = @saved_cs_client */;

--
-- Dumping data for table `consonance_weapons`
--

LOCK TABLES `consonance_weapons` WRITE;
/*!40000 ALTER TABLE `consonance_weapons` DISABLE KEYS */;
INSERT INTO `consonance_weapons` VALUES (10,'melee','sword','slash',361.50,12.00,150.00,1.00,50.00,NULL),(17,'melee','greatsword','smash',225.94,20.00,200.00,1.00,25.00,NULL),(18,'ranged','assaultRifle','spike',75.31,33.00,200.00,1.00,20.00,1.00),(21,'ranged','dualPistols','spike',421.75,12.00,150.00,1.00,50.00,1.00);
/*!40000 ALTER TABLE `consonance_weapons` ENABLE KEYS */;
UNLOCK TABLES;

--
-- Table structure for table `demon_wedge_stats`
--

DROP TABLE IF EXISTS `demon_wedge_stats`;
/*!40101 SET @saved_cs_client     = @@character_set_client */;
/*!50503 SET character_set_client = utf8mb4 */;
CREATE TABLE `demon_wedge_stats` (
  `id` bigint NOT NULL AUTO_INCREMENT COMMENT '스탯 PK',
  `demon_wedge_id` bigint NOT NULL COMMENT 'demon_wedges.id 참조',
  `stat_type` varchar(30) CHARACTER SET utf8mb4 COLLATE utf8mb4_unicode_ci NOT NULL COMMENT '스탯 종류 (STAT 코드 참조)',
  `value` decimal(8,2) NOT NULL COMMENT '스탯 수치',
  PRIMARY KEY (`id`),
  KEY `fk_dw_stat_demon_wedge` (`demon_wedge_id`),
  CONSTRAINT `fk_dw_stat_demon_wedge` FOREIGN KEY (`demon_wedge_id`) REFERENCES `demon_wedges` (`id`) ON DELETE CASCADE
) ENGINE=InnoDB AUTO_INCREMENT=255 DEFAULT CHARSET=utf8mb4 COLLATE=utf8mb4_unicode_ci COMMENT='악마의 쐐기 스탯 (main_effect)';
/*!40101 SET character_set_client = @saved_cs_client */;

--
-- Dumping data for table `demon_wedge_stats`
--

LOCK TABLES `demon_wedge_stats` WRITE;
/*!40000 ALTER TABLE `demon_wedge_stats` DISABLE KEYS */;
INSERT INTO `demon_wedge_stats` VALUES (37,6,'attack_per',40.00),(38,6,'hp_per',40.00),(39,6,'defense_per',40.00),(40,2,'attack_per',24.00),(41,2,'maxMentality',24.00),(42,3,'hp_per',24.00),(43,3,'shield_per',24.00),(44,4,'hp_per',40.00),(45,4,'hp_per',40.00),(46,4,'defense_per',40.00),(47,5,'attack_per',40.00),(48,5,'hp_per',40.00),(49,5,'defense_per',40.00),(53,7,'attack_per',40.00),(54,7,'hp_per',40.00),(55,7,'defense_per',40.00),(56,8,'attack_per',40.00),(57,8,'hp_per',40.00),(58,8,'defense_per',40.00),(59,9,'attack_per',40.00),(60,9,'hp_per',40.00),(61,9,'defense_per',40.00),(62,10,'weaponAttack_per',30.00),(63,10,'critRate',40.00),(64,11,'critDamage',40.00),(65,11,'triggerProbability',40.00),(66,12,'slashAttack_per',20.00),(67,12,'triggerProbability',40.00),(68,13,'spikeAttack_per',20.00),(69,13,'triggerProbability',40.00),(70,14,'smashAttack_per',20.00),(71,14,'triggerProbability',40.00),(72,15,'weaponAttack_per',30.00),(73,15,'critRate',40.00),(74,16,'critDamage',40.00),(75,16,'triggerProbability',40.00),(76,17,'slashAttack_per',20.00),(77,17,'triggerProbability',40.00),(78,18,'spikeAttack_per',20.00),(79,18,'triggerProbability',40.00),(80,19,'smashAttack_per',20.00),(81,19,'triggerProbability',40.00),(82,20,'slashAttack_per',30.00),(83,21,'spikeAttack_per',30.00),(84,22,'smashAttack_per',30.00),(85,23,'weaponAttack_per',30.00),(86,24,'critRate',20.00),(87,25,'critDamage',20.00),(88,26,'attackSpeed',10.00),(90,28,'triggerProbability',20.00),(91,29,'slashAttack_per',30.00),(93,30,'spikeAttack_per',30.00),(94,31,'smashAttack_per',30.00),(95,32,'weaponAttack_per',30.00),(96,33,'critRate',20.00),(97,34,'critDamage',20.00),(98,35,'attackSpeed',10.00),(99,36,'multishot',10.00),(100,37,'triggerProbability',20.00),(101,27,'attackRange',0.24),(102,38,'attackSpeed',20.00),(103,39,'attackSpeed',20.00),(114,48,'attackRange',0.80),(123,55,'critRate',120.00),(124,55,'explosionRange',1.50),(152,40,'weaponAttack_per',150.00),(153,41,'weaponAttack_per',75.00),(154,41,'critRate',99.00),(155,42,'critDamage',99.00),(156,42,'triggerProbability',99.00),(157,43,'attackSpeed',75.00),(158,44,'attackRange',2.50),(159,45,'slashAttack_per',99.00),(160,46,'spikeAttack_per',99.00),(161,47,'smashAttack_per',99.00),(162,49,'slashAttack_per',99.00),(163,50,'spikeAttack_per',99.00),(164,51,'smashAttack_per',99.00),(165,52,'weaponAttack_per',150.00),(166,53,'weaponAttack_per',75.00),(167,53,'critRate',99.00),(168,54,'critDamage',99.00),(169,54,'triggerProbability',99.00),(170,56,'critDamage',220.00),(171,56,'beamLength',110.00),(172,57,'multishot',121.00),(173,57,'reloadSpeed',110.00),(174,58,'attackSpeed',110.00),(175,58,'magCapacity',165.00),(176,59,'maxAmmo',220.00),(177,59,'ammoConversionRate',110.00),(178,60,'attackSpeed',100.00),(179,61,'multishot',150.00),(180,62,'weaponAttack_per',149.30),(181,63,'critRate',99.00),(182,64,'critDamage',99.00),(183,65,'attackSpeed',49.00),(184,66,'attackRange',1.10),(185,67,'triggerProbability',99.00),(186,68,'weaponAttack_per',120.00),(187,68,'triggerProbability',80.00),(188,69,'slashAttack_per',149.30),(189,70,'spikeAttack_per',149.30),(190,71,'smashAttack_per',149.30),(191,72,'normalAttackDmg_per',80.00),(192,72,'attackRange',1.00),(193,73,'plungeDmg',80.00),(194,73,'plungeAttackSpeed',40.00),(195,74,'slidingAttackDmg',80.00),(196,74,'slidingAttackSpeed',40.00),(197,77,'weaponAttack_per',149.30),(198,78,'critRate',99.00),(199,79,'critDamage',99.00),(200,80,'attackSpeed',49.00),(201,81,'multishot',49.00),(202,82,'triggerProbability',99.00),(203,83,'slashAttack_per',149.30),(204,84,'spikeAttack_per',149.30),(205,85,'smashAttack_per',149.30),(223,86,'elementAttack_per',33.00),(224,86,'skillIntensity',33.00),(225,86,'skillRange',33.00),(226,87,'elementAttack_per',33.00),(227,87,'skillIntensity',33.00),(228,87,'skillDuration',22.00),(229,88,'attack_per',154.00),(230,88,'hp_per',154.00),(231,88,'defense_per',154.00),(232,88,'morale',33.00),(233,89,'attack_per',154.00),(234,89,'hp_per',154.00),(235,89,'defense_per',154.00),(236,89,'resolve',11.00),(237,90,'attack_per',154.00),(238,90,'hp_per',154.00),(239,90,'defense_per',154.00),(240,91,'attack_per',154.00),(241,91,'hp_per',154.00),(242,91,'defense_per',154.00),(243,92,'attack_per',154.00),(244,92,'hp_per',154.00),(245,92,'defense_per',154.00),(246,93,'attack_per',176.00),(247,94,'attack_per',88.00),(248,94,'resolve',7.30),(249,95,'attack_per',88.00),(250,95,'skillDuration',33.00),(251,96,'hp_per',88.00),(252,96,'skillIntensity',44.00),(253,97,'skillDuration',44.00),(254,98,'skillDuration',44.00);
/*!40000 ALTER TABLE `demon_wedge_stats` ENABLE KEYS */;
UNLOCK TABLES;

--
-- Table structure for table `demon_wedges`
--

DROP TABLE IF EXISTS `demon_wedges`;
/*!40101 SET @saved_cs_client     = @@character_set_client */;
/*!50503 SET character_set_client = utf8mb4 */;
CREATE TABLE `demon_wedges` (
  `id` bigint NOT NULL AUTO_INCREMENT COMMENT '악마의 쐐기 PK',
  `slug` varchar(50) CHARACTER SET utf8mb4 COLLATE utf8mb4_unicode_ci NOT NULL COMMENT '고유 식별자(URL 및 API용)',
  `name` varchar(100) CHARACTER SET utf8mb4 COLLATE utf8mb4_unicode_ci NOT NULL COMMENT '악마의 쐐기 이름',
  `image` varchar(255) CHARACTER SET utf8mb4 COLLATE utf8mb4_unicode_ci DEFAULT NULL COMMENT '이미지 경로',
  `rarity` int NOT NULL COMMENT '희귀도 (2~5)',
  `resistance` int NOT NULL COMMENT '내성 코스트',
  `tendency` varchar(10) CHARACTER SET utf8mb4 COLLATE utf8mb4_unicode_ci DEFAULT NULL COMMENT '성향 (◬, ◊, ☽, ⊙)',
  `equip_type` varchar(30) CHARACTER SET utf8mb4 COLLATE utf8mb4_unicode_ci NOT NULL COMMENT '착용 제한 (character/meleeWeapon/rangedWeapon/consonanceWeapon)',
  `element` varchar(10) CHARACTER SET utf8mb4 COLLATE utf8mb4_unicode_ci DEFAULT NULL COMMENT '속성 제한 (nullable)',
  `is_kukulkan` tinyint(1) NOT NULL DEFAULT '0' COMMENT '쿠쿨칸 전용 여부',
  `effect_description` text CHARACTER SET utf8mb4 COLLATE utf8mb4_unicode_ci COMMENT '효과 설명 (sub_effect)',
  `created_at` timestamp NULL DEFAULT CURRENT_TIMESTAMP COMMENT '생성 일시',
  PRIMARY KEY (`id`),
  UNIQUE KEY `uk_demon_wedge_slug` (`slug`)
) ENGINE=InnoDB AUTO_INCREMENT=99 DEFAULT CHARSET=utf8mb4 COLLATE=utf8mb4_unicode_ci COMMENT='악마의 쐐기 정보';
/*!40101 SET character_set_client = @saved_cs_client */;

--
-- Dumping data for table `demon_wedges`
--

LOCK TABLES `demon_wedges` WRITE;
/*!40000 ALTER TABLE `demon_wedges` DISABLE KEYS */;
INSERT INTO `demon_wedges` VALUES (2,'작열_날개_2','작열 · 날개','b2e44f12-6438-4392-a20f-c594e459f150.png',2,11,'','character',NULL,0,NULL,'2026-02-16 10:35:02'),(3,'환생_가호_2','환생 · 가호','e144cfd4-73f0-4ad8-83cd-4a2cc98763a2.png',2,9,'','character',NULL,0,NULL,'2026-02-16 10:38:59'),(4,'전성_어둠_2','전성','fe1fd251-53b4-4cc7-818f-182bfa386e45.png',2,11,'','character','umbro',0,NULL,'2026-02-16 11:01:37'),(5,'전성_물_2','전성','89cd31ac-5ccb-4eca-be57-d3996f78957f.png',2,11,'','character','hydro',0,NULL,'2026-02-16 11:02:17'),(6,'전성_불_2','전성','91b859b9-f6f8-4dbf-9862-43c96dd67710.png',2,11,'','character','pyro',0,NULL,'2026-02-16 11:03:09'),(7,'전성_번개_2','전성','7e88c984-a63b-4ab8-ba16-351a244f8dd9.png',2,11,'','character','electro',0,NULL,'2026-02-16 11:04:02'),(8,'전성_바람_2','전성','21b1f421-220d-46fe-a0bb-28fec13af3c5.png',2,11,'','character','anemo',0,NULL,'2026-02-16 11:04:46'),(9,'전성_빛_2','전성','64028ab8-a75b-4997-a9f8-1ce23638a2f5.png',2,11,'','character','lumino',0,NULL,'2026-02-16 11:05:17'),(10,'근접_공세_집중_2','공세 · 집중','503f3e90-9af4-44db-b9ee-38a041d2d045.png',2,11,'','meleeWeapon',NULL,0,NULL,'2026-02-16 13:33:26'),(11,'근접_격노_속박_2','격노 · 속박','9d71e09a-3719-4043-a7d5-8429036e8e05.png',2,10,'','meleeWeapon',NULL,0,NULL,'2026-02-16 13:34:42'),(12,'근접_예리_속박_2','예리 · 속박','96e48e58-85f3-426f-b10e-b1edbe96b596.png',2,9,'','meleeWeapon',NULL,0,NULL,'2026-02-16 13:51:19'),(13,'근접_투과_속박_2','투과 · 속박','8017f15f-cf1c-4345-9693-a76eb15b4923.png',2,9,'','meleeWeapon',NULL,0,NULL,'2026-02-16 13:52:18'),(14,'근접_중압_속박_2','중압 · 속박','3d85aa31-cbed-401d-a752-139285e1d3fd.png',2,9,'','meleeWeapon',NULL,0,NULL,'2026-02-16 13:53:08'),(15,'원거리_공세_집중_2','공세 · 집중','513eeabc-bcf1-4680-afd9-a50ab467d016.png',2,11,'','rangedWeapon',NULL,0,NULL,'2026-02-16 13:54:44'),(16,'원거리_격노_속박_2','격노 · 속박','855108d2-e766-43e9-b6b8-6c304d0c3976.png',2,10,'','rangedWeapon',NULL,0,NULL,'2026-02-16 13:55:30'),(17,'원거리_예리_속박_2','예리 · 속박','f3c9fe58-f5f4-4df8-b30b-054223ca2203.png',2,9,'','rangedWeapon',NULL,0,NULL,'2026-02-16 13:56:09'),(18,'원거리_투과_속박_2','투과 · 속박','9e049352-ab75-43a2-89e7-14f67d9e085a.png',2,9,'','rangedWeapon',NULL,0,NULL,'2026-02-16 13:56:44'),(19,'원거리_중압_속박_2','중압 · 속박','5ec449a8-2fd8-4f8b-be37-703263bd9c7c.png',2,9,'','rangedWeapon',NULL,0,NULL,'2026-02-16 13:57:14'),(20,'근접_동조_예리_2','예리','42147241-e23e-4e51-8e85-7e3368a8b904.png',2,10,'','meleeConsonanceWeapon',NULL,0,NULL,'2026-02-16 14:06:18'),(21,'근접_동조_투과_2','투과','6b9f0233-7bc9-44af-b260-c2432d8d5b81.png',2,10,'','meleeConsonanceWeapon',NULL,0,NULL,'2026-02-16 14:11:33'),(22,'근접_동조_중압_2','중압','e80c95c5-e675-4eca-8253-4e140587cff9.png',2,10,'','meleeConsonanceWeapon',NULL,0,NULL,'2026-02-16 14:12:10'),(23,'근접_동조_공세_2','공세','05c34b8f-6a8a-4e29-ba51-0ea2366cff6b.png',2,10,'','meleeConsonanceWeapon',NULL,0,NULL,'2026-02-16 14:12:48'),(24,'근접_동조_집중_2','집중','8e8f3abd-2a92-4874-968d-6d2f6fc470b6.png',2,11,'','meleeConsonanceWeapon',NULL,0,NULL,'2026-02-16 14:13:18'),(25,'근접_동조_격노_2','격노','a255f0cf-995d-4a39-ba1e-c7f141fb7368.png',2,11,'','meleeConsonanceWeapon',NULL,0,NULL,'2026-02-16 14:13:54'),(26,'근접_동조_신속_2','신속','587e5994-9203-4149-8fc8-a1b37872218d.png',2,15,'','meleeConsonanceWeapon',NULL,0,NULL,'2026-02-16 14:14:19'),(27,'근접_동조_경계_2','경계','a4ae31fb-cdf2-4b51-a0c5-32e3cb640788.png',2,15,'','meleeConsonanceWeapon',NULL,0,NULL,'2026-02-16 14:14:51'),(28,'근접_동조_속박_2','속박','5628bed4-b538-4e59-b51a-becac7b908c7.png',2,15,'','meleeConsonanceWeapon',NULL,0,NULL,'2026-02-16 14:15:21'),(29,'원거리_동조_예리_2','예리','1ed6bb0b-db0b-4764-94a0-2146e203b029.png',2,10,'','rangedConsonanceWeapon',NULL,0,NULL,'2026-02-16 14:15:55'),(30,'원거리_동조_투과_2','투과','e5b4b87a-1c81-488e-bf81-209852d66f08.png',2,10,'','rangedConsonanceWeapon',NULL,0,NULL,'2026-02-16 14:16:21'),(31,'원거리_동조_중압_2','중압','70ad75a2-8f4d-4915-8921-01aed9ac864b.png',2,10,'','rangedConsonanceWeapon',NULL,0,NULL,'2026-02-16 14:17:08'),(32,'원거리_동조_공세_2','공세','1fb1648b-ab7b-495a-a881-8d4b0c322c6d.png',2,10,'','rangedConsonanceWeapon',NULL,0,NULL,'2026-02-16 14:17:43'),(33,'원거리_동조_집중_2','집중','4c968b87-24da-4919-b436-ad522e415900.png',2,11,'','rangedConsonanceWeapon',NULL,0,NULL,'2026-02-16 14:18:21'),(34,'원거리_동조_격노_2','격노','1e88a0cf-1e34-4f49-b630-9abdf995b2f3.png',2,11,'','rangedConsonanceWeapon',NULL,0,NULL,'2026-02-16 14:18:46'),(35,'원거리_동조_신속_2','신속','88bf6dc9-c4dc-4ebb-a870-3272bef5a6f0.png',2,15,'','rangedConsonanceWeapon',NULL,0,NULL,'2026-02-16 14:19:24'),(36,'원거리_동조_잔상_2','잔상','7a951358-8a40-4953-9ea2-c21e77d11524.png',2,15,'','rangedConsonanceWeapon',NULL,0,NULL,'2026-02-16 14:20:06'),(37,'원거리_동조_속박_2','속박','60abdc5d-29a7-4973-bc6d-b6faaf3f466d.png',2,15,'','rangedConsonanceWeapon',NULL,0,NULL,'2026-02-16 14:20:31'),(38,'근접_무의_경지_5','무의 경지','9a591a61-72b5-42a8-821a-f03aa0fa6895.png',5,30,'diamond','meleeWeapon',NULL,0,'대검의 기본 공격 패턴과 위력이 변경된다. 기본 공격의 마지막 일격을 가할 때 3개의 검기를 생성해, 경로상의 적을 공격한다. 기본 패턴에 비해 종합 위력이 150.0% 상승한다.','2026-02-16 14:28:05'),(39,'근접_뼛속_5','뼛속까지 파고드는 무늬','9be87c35-a25b-4de8-9353-cc62efa6ddea.png',5,30,'diamond','meleeWeapon',NULL,0,'쌍도 슬라이딩 공격 패턴과 위력이 변경된다. 앞으로 돌진하여 경로의 모든 적에게 대미지를 입히며, 기본 패턴에 비해 종합 위력이 150.0% 상승한다.','2026-02-16 14:53:22'),(40,'근접_공세_5','공세','e60882f6-c421-40af-a47f-c34b5ead1b5e.png',5,15,'triangle','meleeWeapon',NULL,0,NULL,'2026-02-16 14:54:43'),(41,'근접_공세_집중_5','공세 · 집중','e7863223-c1b1-45fe-a232-c92bb98adca3.png',5,17,'triangle','meleeWeapon',NULL,0,NULL,'2026-02-16 14:55:32'),(42,'근접_격노_속박_5','격노 · 속박','4c664abc-f746-48c8-b8b7-5124718c3870.png',5,16,'crescent','meleeWeapon',NULL,0,NULL,'2026-02-16 14:56:09'),(43,'근접_신속_5','신속','bb8f8dc8-9749-4b2d-8613-18b823c60094.png',5,25,'circle','meleeWeapon',NULL,0,NULL,'2026-02-16 14:56:38'),(44,'근접_경계_5','경계','72b89047-9460-4c35-a196-9145aad0a082.png',5,15,'circle','meleeWeapon',NULL,0,NULL,'2026-02-16 14:57:09'),(45,'근접_예리_5','예리','536230d1-a18d-48ff-8805-2373479265de.png',5,14,'triangle','meleeWeapon',NULL,0,NULL,'2026-02-16 14:57:37'),(46,'근접_투과_5','투과','eda9cf4c-7aa1-4a15-8e66-837d79163b72.png',5,14,'triangle','meleeWeapon',NULL,0,NULL,'2026-02-16 14:58:03'),(47,'근접_중압_5','중압','9f1f91f5-10fd-4333-8911-2f152d35f76a.png',5,14,'triangle','meleeWeapon',NULL,0,NULL,'2026-02-16 14:58:32'),(48,'근접_지배의_관통_5','지배의 관통','63587d18-60ba-42ec-b88e-ed76def291f4.png',5,30,'diamond','meleeWeapon',NULL,0,'장병기의 기본 공격 패턴과 위력이 변경된다. 장창 그림자를 소환하여 공격하며, 기본 패턴에 비해 종합 위력이 150.0% 상승한다.','2026-02-16 14:59:30'),(49,'원거리_예리_5','예리','3fb35a96-2efd-4aec-9e3d-fe3ebc9c7a45.png',5,14,'triangle','rangedWeapon',NULL,0,NULL,'2026-02-16 15:00:38'),(50,'원거리_투과_5','투과','ca0506d8-f40f-470c-a274-b789595a15e1.png',5,14,'triangle','rangedWeapon',NULL,0,NULL,'2026-02-16 15:01:01'),(51,'원거리_중압_5','중압','f80d885f-9bd4-4956-a503-bd1c19dda1a6.png',5,14,'triangle','rangedWeapon',NULL,0,NULL,'2026-02-16 15:01:29'),(52,'원거리_공세_5','공세','efae1a72-bdd0-4d30-8707-83abc9487469.png',5,15,'triangle','rangedWeapon',NULL,0,NULL,'2026-02-16 15:01:59'),(53,'원거리_공세_집중_5','공세 · 집중','073ae17a-b6dd-4dc0-9041-0cba3ae2ec23.png',5,17,'triangle','rangedWeapon',NULL,0,NULL,'2026-02-16 15:02:35'),(54,'원거리_격노_속박_5','격노 · 속박','a7310e25-83b4-4447-9206-50b95c00d3ad.png',5,16,'crescent','rangedWeapon',NULL,0,NULL,'2026-02-16 15:03:05'),(55,'원거리_집중_위압_5','집중 · 위압','d7ea2b9f-58b7-475b-ac9b-7c12726ce198.png',5,25,'triangle','rangedWeapon',NULL,0,NULL,'2026-02-16 15:04:19'),(56,'원거리_격노_집광_5','격노 · 집광','1fe9e69f-6cf4-4b86-a68f-725467621dc9.png',5,26,'crescent','rangedWeapon',NULL,0,NULL,'2026-02-16 15:07:08'),(57,'원거리_잔상_기민_5','잔상 · 기민','95861cd9-33cf-45ec-910f-ace6fbd31995.png',5,22,'circle','rangedWeapon',NULL,0,NULL,'2026-02-16 15:09:29'),(58,'원거리_신속_화살통_5','신속 · 화살통','1c08069f-4143-42ba-b641-72c22dab888d.png',5,35,'circle','rangedWeapon',NULL,0,NULL,'2026-02-16 15:10:20'),(59,'원거리_화살_풍작_5','화살 · 풍작','1d701c6a-d938-4582-9367-a393ebec5d2c.png',5,22,'crescent','rangedWeapon',NULL,0,NULL,'2026-02-16 15:16:09'),(60,'원거리_신속_5','신속','40b8a713-0986-4107-93f0-c8e485ad6e36.png',5,20,'circle','rangedWeapon',NULL,0,NULL,'2026-02-16 15:18:08'),(61,'원거리_잔상_5','잔상','9bc1f467-aa85-4d81-b788-f3e4cd06f082.png',5,20,'circle','rangedWeapon',NULL,0,NULL,'2026-02-16 15:18:38'),(62,'근접_동조_공세_5','공세','647adf90-2d32-43e9-8005-9ae0e6e94ee5.png',5,31,'triangle','meleeConsonanceWeapon',NULL,0,NULL,'2026-02-16 15:19:18'),(63,'원거리_집중_5','집중','9d01857e-ed3f-4e77-8baf-c9c573ea262e.png',5,32,'triangle','meleeConsonanceWeapon',NULL,0,NULL,'2026-02-16 15:20:13'),(64,'근접_동조_격노_5','격노','e8b7eecf-f5cb-4c62-819e-9451185842d3.png',5,32,'triangle','meleeConsonanceWeapon',NULL,0,NULL,'2026-02-16 15:20:57'),(65,'근접_동조_신속_5','신속','e871a2cb-4856-484a-a4e7-34baa40613c2.png',5,36,'circle','meleeConsonanceWeapon',NULL,0,NULL,'2026-02-16 15:21:29'),(66,'근접_동조_경계_5','경계','8e8b0a92-e47c-4d96-bad1-a0e47eabb927.png',5,36,'circle','meleeConsonanceWeapon',NULL,0,NULL,'2026-02-16 15:22:04'),(67,'근접_동조_속박_5','속박','ecbcf500-3fda-48b3-9d07-db88f6d1260d.png',5,36,'crescent','meleeConsonanceWeapon',NULL,0,NULL,'2026-02-16 15:22:39'),(68,'근접_동조_속박_공세_5','속박 · 공세','c1683a25-2aef-4c44-b174-08569523519d.png',5,38,'triangle','meleeConsonanceWeapon',NULL,0,NULL,'2026-02-16 15:23:22'),(69,'근접_동조_예리_5','예리','e300640d-5496-4dc7-934c-82bbe81f82df.png',5,31,'triangle','meleeConsonanceWeapon',NULL,0,NULL,'2026-02-16 15:23:49'),(70,'근접_동조_투과_5','투과','927711b6-a0f4-461d-87e4-f4095bbf555d.png',5,31,'triangle','meleeConsonanceWeapon',NULL,0,NULL,'2026-02-16 15:24:14'),(71,'근접_동조_중압_5','중압','2780c7ca-b1eb-420f-9a44-3910025bbb5a.png',5,31,'triangle','meleeConsonanceWeapon',NULL,0,NULL,'2026-02-16 15:24:38'),(72,'근접_동조_강공_경계_5','강공 · 경계','d2139ac8-213e-4d78-b808-4eac9364d9f7.png',5,38,'circle','meleeConsonanceWeapon',NULL,0,NULL,'2026-02-16 15:31:26'),(73,'근접_동조_낙하_공격_신속_낙하_5','낙하 공격 · 신속 낙하 공격','7a62b7e1-c0c0-4d97-8922-eccae77734be.png',5,38,'circle','meleeConsonanceWeapon',NULL,0,NULL,'2026-02-16 15:34:35'),(74,'근접_동조_순간_급습_신속_전격_5','순간 급습 · 신속 전격','dde3b92b-3fce-4cc7-ad3d-528042a9813a.png',5,38,'circle','meleeConsonanceWeapon',NULL,0,NULL,'2026-02-16 15:38:12'),(75,'근접_동조_심호흡_5','심호흡','d6af5531-e228-422f-8300-c7c0b259693a.png',5,36,'circle','meleeConsonanceWeapon',NULL,0,'차지 공격 대미지를 입힐 시, 50.0%의 확률로 정신력을 15.0 회복한다. 해당 효과는 5.0초마다 최대 1회 발동된다.','2026-02-16 15:38:56'),(76,'근접_동조_광열_5','광열','8fe9bb17-3b03-433f-84f6-209cb12eade1.png',5,36,'circle','meleeConsonanceWeapon',NULL,0,'입히는 기본 공격이 치명타를 발동하지 않았을 경우, 기본 공격의 치명타 확률이 132% 상승한다. 최대 792%까지 누적되며, 입히는 기본 공격 대미지에 크리티컬 발동 시, 효과는 제거된다.','2026-02-16 15:41:18'),(77,'원거리_동조_공세_5','공세','6fc5a9c6-9608-4f73-8a5a-878639b0cae6.png',5,31,'triangle','rangedConsonanceWeapon',NULL,0,NULL,'2026-02-17 00:40:58'),(78,'원거리_동조_집중_5','집중','9b885117-9f5c-449a-b3fe-8976d885c782.png',5,32,'triangle','rangedConsonanceWeapon',NULL,0,NULL,'2026-02-17 00:41:50'),(79,'원거리_동조_격노_5','격노','0a8a7a93-5a9e-4229-b9f4-378a4f95d02f.png',5,32,'','rangedConsonanceWeapon',NULL,0,NULL,'2026-02-17 00:42:24'),(80,'원거리_동조_신속_5','신속','dadc7d0e-b7b8-460b-b27b-397aa353224f.png',5,36,'circle','rangedConsonanceWeapon',NULL,0,NULL,'2026-02-17 00:42:58'),(81,'원거리_동조_잔상_5','잔상','2d283bdf-d48d-4a3e-a59f-74347c6f8264.png',5,36,'circle','rangedConsonanceWeapon',NULL,0,NULL,'2026-02-17 00:43:40'),(82,'원거리_동조_속박_5','속박','e11479a1-67a8-4fea-96f2-6044d02c4a19.png',5,36,'crescent','rangedConsonanceWeapon',NULL,0,NULL,'2026-02-17 00:44:20'),(83,'원거리_동조_예리_5','예리','82827b63-da3d-4cca-8b85-9f52e820d914.png',5,31,'triangle','rangedConsonanceWeapon',NULL,0,NULL,'2026-02-17 00:45:05'),(84,'원거리_동조_투과_5','투과','ba32f17e-b123-4658-b9d3-1475abd132ad.png',5,31,'triangle','rangedConsonanceWeapon',NULL,0,NULL,'2026-02-17 00:45:38'),(85,'원거리_동조_중압_5','중압','62414ad7-fa16-4462-a940-69fe067546b9.png',5,31,'triangle','rangedConsonanceWeapon',NULL,0,NULL,'2026-02-17 00:46:02'),(86,'요원_빛_5','하늘의 빛 · 요원','73951291-24f9-45a4-8cd8-3a8ec3cdb113.png',5,25,'diamond','character','lumino',0,NULL,'2026-02-17 00:49:36'),(87,'기나긴_밤_빛_5','하늘의 빛 · 기나긴 밤','ed23fdcc-dd92-4fd6-a3af-e563bcc407c4.png',5,27,'diamond','character','lumino',0,NULL,'2026-02-17 00:51:19'),(88,'전성_격양_빛_5','전성 · 격양','a3ff7e7c-0645-4146-9765-888d2bd4b4bc.png',5,28,'triangle','character','lumino',0,NULL,'2026-02-17 00:54:50'),(89,'전성_필사_빛_5','전성 · 필사','71783538-115c-4ee9-ae57-ae85666d5874.png',5,28,'triangle','character','lumino',0,NULL,'2026-02-17 00:55:43'),(90,'전성_체이스_빛_5','전성 · 체이스','22ded63a-4961-4c11-97c2-bb50bc5dcc81.png',5,28,'triangle','character','lumino',0,'스킬 대미지가 50.0% 감소하지만, 무기로 공격할 시 33.0%의 동일 속성 추가 대미지를 입힌다.','2026-02-17 00:57:03'),(91,'전성_안심_빛_5','전성 · 안심','31c0a278-47c7-4645-aa19-bd9bedc7b8bd.png',5,28,'triangle','character','lumino',0,'자신과 팀원은 3초마다 추가 정신력을 13.0 회복한다.','2026-02-17 00:59:35'),(92,'전성_분기_빛_5','전성 · 분기','22221828-2b42-4a9e-919e-084c783b3e15.png',5,28,'triangle','character','lumino',0,'자신과 팀원이 입히는 대미지가 20.0% 상승한다.','2026-02-17 01:00:31'),(93,'소멸_빛_5','소멸','8d4a5ac2-2f19-4b2b-9bcd-3016d1e3634f.png',5,18,'triangle','','lumino',0,'5까지 강화 후, 해당 악마의 쐐기는 동시에 여러 개를 중복 장착할 수 있다.','2026-02-17 01:02:14'),(94,'작열_필사_빛_5','작열 · 필사','96dae6dd-8070-4f7e-99b9-65abb24d890c.png',5,17,'crescent','character','lumino',0,'5까지 강화 후, 해당 악마의 쐐기는 동시에 여러 개를 중복 장착할 수 있다.','2026-02-17 01:04:08'),(95,'작열_영원_빛_5','작열 · 영원','25c3648c-2ffa-4a53-857b-af84749f7dd7.png',5,20,'diamond','character','lumino',0,'5까지 강화 후, 해당 악마의 쐐기는 동시에 여러 개를 중복 장착할 수 있다.','2026-02-17 01:05:03'),(96,'환생_결단_빛_5','환생 · 결단','0942bab8-c15b-47b3-9055-cac360d16db3.png',5,20,'circle','character','lumino',0,'5까지 강화 후, 해당 악마의 쐐기는 동시에 여러 개를 중복 장착할 수 있다.','2026-02-17 01:05:49'),(97,'프리즘_빛_5','프리즘','8036071c-19b6-49f9-a8c2-a920a4064843.png',5,27,'circle','character','lumino',0,'빛 속성 캐릭터 주변의 적이 무기 대미지를 입을 때, 받는 크리티컬 확률이 59.8% 상승한다. 대상이 원소 속성의 추가 디버프 효과를 보유할 경우, 추가로 15.0% 상승한다.','2026-02-17 01:08:04'),(98,'눈부신_빛줄기_5','눈부신 빛줄기','7672af75-b354-49f1-a361-012aad1f7469.png',5,27,'circle','character','lumino',0,'빛 속성 캐릭터의 공격 상승, 배율은 자신의 스킬 지속의 88.9%, 최대 214.0%를 초과하지 않는다.','2026-02-17 01:09:26');
/*!40000 ALTER TABLE `demon_wedges` ENABLE KEYS */;
UNLOCK TABLES;

--
-- Table structure for table `introns`
--

DROP TABLE IF EXISTS `introns`;
/*!40101 SET @saved_cs_client     = @@character_set_client */;
/*!50503 SET character_set_client = utf8mb4 */;
CREATE TABLE `introns` (
  `id` bigint NOT NULL AUTO_INCREMENT COMMENT '근원 PK',
  `character_id` bigint NOT NULL COMMENT 'characters.id 참조',
  `stage` int NOT NULL COMMENT '근원 단계 (1~6)',
  `description` text COLLATE utf8mb4_unicode_ci NOT NULL COMMENT '근원 단계별 효과 설명',
  PRIMARY KEY (`id`),
  KEY `fk_intron_character` (`character_id`),
  CONSTRAINT `fk_intron_character` FOREIGN KEY (`character_id`) REFERENCES `characters` (`id`) ON DELETE CASCADE
) ENGINE=InnoDB AUTO_INCREMENT=435 DEFAULT CHARSET=utf8mb4 COLLATE=utf8mb4_unicode_ci COMMENT='캐릭터 근원 단계 정보';
/*!40101 SET character_set_client = @saved_cs_client */;

--
-- Dumping data for table `introns`
--

LOCK TABLES `introns` WRITE;
/*!40000 ALTER TABLE `introns` DISABLE KEYS */;
INSERT INTO `introns` VALUES (91,9,1,'자신이 [백열] 보유 시 [조석]의 검기 대미지가 70.0% 상승한다.'),(92,9,2,'[빛보리] 발동 시, 반경 10m의 [프리즘] 영역을 1개 생성한다, 지속 시간 10초. 영역 내의 적에게 이동 속도 감소 50.0% 효과를 부여한다.'),(93,9,3,'[조석] 레벨+2, [난반사] 레벨+1'),(94,9,4,'스킬 시전 시, 자신이 1단계의 공격 속도 9.0% 상승 효과를 획득한다. 지속 시간 12초, 최대 4단계 중첩.'),(95,9,5,'[빛보라] 레벨+2, [난반사] 레벨+1'),(96,9,6,'[백열]이 추가로 크리티컬 확률 54.0% 상승 효과를 제공한다.'),(103,13,1,'[떠들썩한 티타임]에 부여된 추가 대미지를 보유한 대상은, 1개의 속성 추가 대미지 효과를 보유하고 있을 때마다, 모든 속성 관통 6.0% 상승.'),(104,13,2,'[붓 끝에 핀 꽃]의 최대 중첩 단계가 45까지 상승한다. [어느 따뜻한 오후에] 시전 시 추가로 [붓 끝에 핀 꽃] 3단계를 획득하고, [떠들썩한 티타임] 영역 지속 시간 동안 매초 추가로 [붓 끝에 핀 꽃] 1단계를 획득한다.'),(105,13,3,'[어느 따뜻한 오후에] 레벨+2, [나쁜 마법사는 햇빛을 무서워한대!] 레벨+1..'),(106,13,4,'[붓 끝에 핀 꽃] 단계당 자신의 스킬 위력이 2.0% 상승하고, 스킬 범위가 1.0% 상승한다.'),(107,13,5,'[티타임이 시작됐다!] 레벨+2, [나쁜 마법사는 햇빛을 무서워한대!] 레벨+1.'),(108,13,6,'[떠들썩한 티타임] 영역 지속 시간 동안, 자신이 무기 대미지를 입힐 때, 대상이 1개의 속성 추가 발동 효과를 보유하고 있을 때마다, 해당 대미지의 크리티컬 확률이 24.0% 상승하고, 그중 원소 속성 대미지는 대상의 약점 속성 대미지로 전환된다.'),(187,18,1,'[고치의 꿈]과 [빛 쫓기] 시전 시, 자신은 10.0%의 최대 HP를 회복하고, 입히는 대미지 35.0% 상승 효과를 획득하며, 지속 시간 12초.'),(188,18,2,'[허물 벗기] 상태에서 5초마다 [빛나는 비늘 가루] 16개를 발사한다. [빛나는 비늘 가루]와 [비늘 가루 인장]으로 대미지를 입힐 시, 35.0% 확률로 대상 위치에 1개의 [환영]을 생성한다.'),(189,18,3,'[고치의 꿈] 레벨+2, [반딧불의 빛] 레벨+1.'),(190,18,4,'[허물 벗기] 상태에서 [우화]를 획득한다. [우화]: 대미지를 받을 때 경직되지 않고, 받는 대미지가 25.0% 감소하며, 습득 범위 15 증가한다.'),(191,18,5,'[재탄생] 레벨+2, [반딧불의 빛] 레벨+1'),(192,18,6,'[허물 벗기] 상태에서 자신의 모든 속성 관통 50.0% 상승.'),(237,23,1,'[진동 소리] 시전 시, [사방으로 부는 번개 바람]이 [번개 바람의 만남] 효과를 추가로 1회 발동한다. [번개 바람의 만남] 1개마다 기존 대미지의 60%에 해당하는 대미지를 입힌다.'),(238,23,2,'[만물생]을 강화하여 클릭 및 길게 누를 때 각기 다른 효과를 획득한다. 클릭하여 [만물생] 시전 시, [번개 바람의 만남] 효과가 선택할 수 있는 적이 8명까지 상승한다. 길게 눌러 [만물생] 시전 시, [사방으로 부는 번개 바람] 영역이 영구 지속으로 변경되며, 지속 기간 매초 정신력을 6 소모한다. 정신력이 0이 되거나 임의의 스킬을 시전하면, 무기 사용 시 [사방으로 부는 번개 바람] 영역이 제거된다.'),(239,23,3,'[해천기] 레벨+2, [두 개의 샘] 레벨+1.'),(240,23,4,'추가 정신력 회복 효과로 인해 정신력이 초과될 때, 자신과 팀원에게 추가로 1단계의 공격 16.0% 상승 효과를 부여한다. 지속 시간 16초. 최대 5단계 중첩.'),(241,23,5,'[천지 연출] 레벨+2, [두 개의 샘] 레벨+1.'),(242,23,6,'자신이 [사방으로 부는 번개 바람] 영역 범위 내에 있을 때, 모든 속성 관통이 40.0% 상승한다. 또한 [천지명]의 스킬 피해 증가 효과를 지속적으로 획득한다.'),(255,24,1,'[소환물 · 혼돈의 번개구]가 [신의 권력]과 [군단 징벌]의 대미지를 입을 때, 대미지 전달 비율이 2.0% 증가한다.'),(256,24,2,'[만물의 힘] 상한이 600까지 증가한다. [군단 징벌]이 대미지를 입힐 시, [만물의 힘] 1당 [군단 징벌]의 대미지가 0.1% 상승한다. [소환물 · 혼돈의 번개구]가 대미지를 전달할 때, [만물의 힘] 1당 [소환물 · 혼돈의 번개구]의 대미지 전달 비율이 0.01% 증가한다.'),(257,24,3,'[신의 권력] 레벨+2, [만물의 힘] 레벨+1.'),(258,24,4,'[군단 징벌]이 대미지를 입힐 때마다, 20.0% 확률로 1회 더 발동한다.'),(259,24,5,'[거센 폭풍] 레벨+2, [만물의 힘] 레벨+1.'),(260,24,6,'[소환물 · 혼돈의 번개구]가 적 연결 시, 해당 대상이 처음으로 연결될 경우, [시빌라]가 대상에게 [군단 징벌] 대미지를 1회 입힌다(기존 배율의 500%). 반드시 번개 속성 추가 효과를 발동한다.'),(333,12,1,'[뒤엉킨 울음] 효과 확률 상승 15.0%, 확률 상한 65.0% 까지 증가.'),(334,12,2,'[달 사냥]으로 대미지를 입힌 후, 3초 동안 대상이 받는 [일식] 대미지가 75.0% 상승한다. [일식]으로 대미지를 입힌 후, 3초 동안 대상이 받는 [달 사냥]의 대미지가 75.0% 상승한다.'),(335,12,3,'[달 사냥] 레벨+2, [뒤엉킨 울음] 레벨+1'),(336,12,4,'자신이 받은 치료 상승 50.0%, 정신력 회복량 상승 25.0%.'),(337,12,5,'[안개의 바다 진혼] 레벨+2, [뒤엉킨 울음] 레벨+1.'),(338,12,6,'원거리 무기로 대미지 입힐 시, 25.0% 확률로 대상 위치에 1발의 [달 사냥] 또는 [일식] 랜덤 생성, 효과는 매초 최대 1회 발동.'),(339,10,1,'스파이럴 점프와 [잔광] 시전 시, 자신은 1단계의 스킬 효율 8.0% 상승 효과를 획득한다. 지속 시간 12초, 최대 3단계 중첩.'),(340,10,2,'HP 비율이 자신보다 낮은 대상에게 입히는 대미지 30.0% 상승.'),(341,10,3,'[잔광] 레벨+2, [회전] 레벨+1'),(342,10,4,'자신의 콤보 레벨에 따라 공격이 상승한다. 레벨당 20.0% 상승'),(343,10,5,'[어둠의 불꽃] 레벨+2, [회전] 레벨+1'),(344,10,6,'[어둠의 불꽃] 사용 후, 검기 발동 시 일정 확률로 1개의 검기를 추가로 생성한다. 확률은 [이미르] 발동 확률 속성치의 25.0%.'),(345,11,1,'[흩뿌려진 비취옥] 지속 시간, 자신과 팀원이 입히는 대미지가 10.0% 상승한다.'),(346,11,2,'[흩뿌려진 비취옥] 지속 시간, 매초 획득하는 [아조트탄]이 1발까지 증가한다.'),(347,11,3,'[흩뿌려진 비취옥] 레벨+2, [아조트탄] 레벨+1.'),(348,11,4,'[아조트탄] 1발을 소모할 때마다, 자신은 1 정신력을 회복한다.'),(349,11,5,'[호척 단련] 레벨+2, [아조트탄] 레벨+1.'),(350,11,6,'[정화 레시피]를 보유한 대상이 [부패 레시피]를 보유한 대상에게 대미지를 입힐 시, 1단계의 대미지 7.0% 상승 효과 획득한다. 지속 시간 12초, 최대 3단계 중첩. 해당 효과는 매초 최대 1회 발동한다.'),(357,14,1,'[아홉 침의 치료]를 보유한 대상은, 스킬 대미지를 입힐 시 대상의 30.0% 방어를 무시한다.'),(358,14,2,'동시에 존재할 수 있는 [소환물 · 운리] 수량이 3개까지 상승한다.'),(359,14,3,'[끌어당기기] 레벨+2, [신의 구원] 레벨+1'),(360,14,4,'[신의 구원]의 최대 중첩 단계가 3단계까지 상승하고, 단계당 격양이 12.0% 상승한다.'),(361,14,5,'[혼신합일] 레벨+2, [신의 구원] 레벨+1'),(362,14,6,'[혼신합일]의 공격 속도 상승 효과 지속 시간 동안, 자신이 근거리 일반 공격 시 220.0%의 물 속성 추가 대미지를 획득한다.'),(363,30,1,'[방어벽]이 투사체를 막아 대미지를 흡수할 시 투사체를 던진 대상에게 [과로의 원한] 1단계를 부여한다. 지속 시간 3초. 해당 방법으로만 [과로의 원한] 중첩 가능. 최대 2단계 중첩.'),(364,30,2,'자신의 레벨에 기반하여 레벨당 최대 오버로드 실드가 50증가한다.'),(365,30,3,'[정당한 태업] 레벨+2, [방패와 함께] 레벨+1'),(366,30,4,'[충격] 효과가 대상 적중 시 대상의 [과로의 원한] 대미지를 1회 입힌다.'),(367,30,5,'[특별한 선물] 레벨+2, [방패와 함께] 레벨+1'),(368,30,6,'[충격] 효과가 대상에게 명중 시, 자신의 [실드 수치+오버로드 실드 수치]의 1200%에 해당하는 번개 속성 대미지를 추가로 1회 입힌다.'),(369,15,1,'자신 주위 6m 범위 내의 적에게 입히는 대미지가 30.0% 상승한다.'),(370,15,2,'[징벌의 결의]의 HP 지속 회복 효과가 0.4%까지 상승.'),(371,15,3,'[타오르는 지옥] 레벨+2, [징벌의 결의] 레벨+1'),(372,15,4,'[타오르는 지옥]의 [꿰뚫는 심판] 효과가 1.4초에 최대 1회 발동으로 변경된다.'),(373,15,5,'[절망의 감옥] 레벨+2, [징벌의 결의] 레벨+1'),(374,15,6,'다른 팀원이 정신력을 소모해 스킬을 누적 5회 시전할 때마다 [절망의 감옥] 효과를 자동으로 1회 발동한다. 5초마다 최대 1회 발동한다.'),(375,16,1,'[인생무상]의 [검의 의지], [현의 의지]마다 수익 배율 0.7% 증가. 주변 20m 내 1/2명의 적만 있으면 무기 대미지를 입힐 때마다 전환되는 [검의 의지], [현의 의지]가 3/2 된다.'),(376,16,2,'대미지를 입혀 추가 효과 발동 시, 입히는 대미지 90.0% 상승 효과를 획득한다. 지속 시간 5초, 자신이 정신력을 2회복한다. 정신력 회복 효과는 1초마다 최대 1회 발한다.'),(377,16,3,'[소년유] 레벨+2, [인생무상] 레벨+1.'),(378,16,4,'종결 스킬 시전 후, [달빛을 스치는 바람] 획득. 대미지를 받을 때 경직되지 않으며, 받는 대미지 25.0% 감소, 지속 시간 25초.'),(379,16,5,'[서리검 유성 털기] 레벨+2, [인생무상] 레벨+1.'),(380,16,6,'대미지를 입혀 추가 효과 발동 시, 1단계의 속성 관통 3.0% 상승 효과 획득, 지속 시간 12초, 최대 18단계 중첩.'),(381,17,1,'[인내의 이름으로] 시전 시, 자신의 공격력이 35.0% 상승한다. 지속 시간 15초.'),(382,17,2,'대미지를 입혀 추가 효과 발동 시, 1 콤보 포인트를 추가로 획득한다.'),(383,17,3,'[인내의 이름으로] 레벨+2, [흥!!] 레벨+1'),(384,17,4,'콤보 레벨 상승 시, 5 콤보 포인트를 추가로 획득한다.'),(385,17,5,'[안 참아!] 레벨+2, [흥!!] 레벨+1'),(386,17,6,'[안 참아!], [사마엘] 차지 공격 시전 후, 자신이 30.0% 빛 속성 추가 대미지를 입힌다, 지속 시간 15초.'),(387,19,1,'[일에 대한 열정] 감소 속도가 50% 감소한다.'),(388,19,2,'스킬 시전 시 아군에게 공격력 상승 효과를 부여한다. 수치는 [트러플] 최대 HP의 3.0%, 최대 300, 지속 시간 10초.'),(389,19,3,'[가자, 헤이즐넛!] 레벨+2, [바쁘다 바빠 식량 보급관] 레벨+1'),(390,19,4,'[중요 인물]의 최대 중첩 단계가 20단계로 상승하며, [헤이즐넛] 탑승 시작 시 [중요 인물] 20단계를 획득한다.'),(391,19,5,'[먹고 일하자] 레벨+2, [바쁘다 바빠 식량 보급관] 레벨+1'),(392,19,6,'[활성화된 스멜링 솔트], [정신 집중의 이슬], [탄약 보급 상자] 습득 시 자신이 1단계의 스킬 위력이 45.0% 상승한다. 최대 3단계 중첩, 지속 시간 15초.'),(393,20,1,'추가 효과 발동 시 [사랑의 독] 1단계 추가 부여.'),(394,20,2,'동시에 존재할 수 있는 [소환물 · 달의 해파리]가 최대 5개로 상승한다. [사랑의 독]의 최대 중첩 단계가 8단계로 상승한다.'),(395,20,3,'[옭아매는 촉수] 레벨+2, [순애의 시련] 레벨+1'),(396,20,4,'[사랑의 독]을 보유한 대상의 대미지가 30.0% 감소한다.'),(397,20,5,'[큐피드의 이슬] 레벨+2, [순애의 시련] 레벨+1'),(398,20,6,'[사랑의 독]을 보유한 대상 처치 시, 자신이 1단계의 공격 3.0% 상승 효과를 획득한다. 지속 시간 15초, 최대 50단계 중첩. 중첩 시 남은 시간 리셋.'),(399,21,1,'전투 개시 시 [예비 장전] 6단계를 획득하고, 격양 35.0% 상승 효과를 획득한다. 지속 시간 60초.'),(400,21,2,'[화약 행사] 지속 시간 동안 받는 대미지가 30.0% 감소하고, 공격 속도 상승의 중첩 간격이 0.06초로 감소한다.'),(401,21,3,'[치명적 만개] 레벨+2, [전술 속사] 레벨+1'),(402,21,4,'HP 비율이 50.0%보다 낮은 대상에게 입히는 대미지 70.0% 상승.'),(403,21,5,'[화약 행사] 레벨+2, [전술 속사] 레벨+1'),(404,21,6,'[화약 행사] 시간 동안 [헨젤과 그레텔]을 사용하여 추가 효과 발동 시 대상에게 [찢어짐]을 부여한다. 지속 시간 8.0초.'),(405,22,1,'[정의의 집단 구타!]가 소환하는 [소환물 · 촉수]의 개수가 12개로 상승하며, 동시에 존재할 수 있는 최대 수량이 24개로 상승한다.'),(406,22,2,'[소환물 · 촉수] 공격으로 대미지를 입힐 시, 10.0% 확률로 [타비사]의 탄약을 1발 보충한다. 매초 최대 1회 발동.'),(407,22,3,'[전매특허!] 레벨+2, [활극 시작!] 레벨+1'),(408,22,4,'필드에 자신이 소환한 [소환물 · 촉수]가 1개 있을 때마다 자신의 크리티컬 확률이 2.0% 상승한다.'),(409,22,5,'[정의의 집단 구타!] 레벨+2, [활극 시작!] 레벨+1'),(410,22,6,'[소환물 · 촉수]에 잡힌 적은 2초마다 [소환물 · 촉수]공격력의 280.0%만큼 물 속성 지속 대미지를 받는다.'),(411,25,1,'[전하]로 입힌 대미지는 반경 3m의 범위 대미지로 전환된다.'),(412,25,2,'[전하]를 보유한 적 처치 시, [전하]를 남은 시간에 따라 주변 20m 내의 다른 대상에게 전달한다.'),(413,25,3,'[빠른 출격] 레벨+2, [절약 전술] 레벨+1.'),(414,25,4,'초기에 자신의 최대 정신력의 50.0% [전기 에너지] 보유.'),(415,25,5,'[소용돌이 전기장] 레벨+2, [절약 전술] 레벨+1.'),(416,25,6,'[전기장 폭발]로 매초 선택한 적의 수량이 2명까지 증가한다.'),(417,26,1,'[듀엣]으로 획득한 [몰입도]는 최대 정신력의 1.5%까지 상승한다.'),(418,26,2,'[격노한 예리한 발톱] 3단계와 [비통한 울부짖음] 시전 시간 동안 받는 대미지가 25.0% 감소한다. [협주곡]에 [아다지오]를 부옇라 확률이 100%까지 상승한다.'),(419,26,3,'[레치타티보] 레벨+2, [무대 연출] 레벨+1.'),(420,26,4,'[격노한 예리한 발톱] 4단계와 공중 낙하로 대미지를 입힐 시, 대상이 10단계의 [아다지오]를 보유할 경우 대미지가 110.0% 상승한다.'),(421,26,5,'[개막] 레벨+2. [무대 연출] 레벨+1.'),(422,26,6,'[프레스토]가 격양 90.0% 상승 효과를 추가로 획득한다. [듀엣] 발동으로 [몰입도] 효과 획득 시, [프레스토] 지속 시간이 0.2초 연장된다.'),(423,27,1,'[마르제의 가연 쓰레기통]을 시전해 [보물이다!] 제거 시 30.0% 확률로 제거한 [보물이다!]가 반환된다.'),(424,27,2,'[마르제의 만능 보물 탐색 삽] 시전 시 12.0% 확률로 범위 내 무작위 1명의 적에게 추가 대미지를 1회 입힌다.'),(425,27,3,'[마르제의 만능 보물 탐색 삽] 레벨+2, [마르제의 재활용품 보관 자루] 레벨+1.'),(426,27,4,'[마르제의 가연 쓰레티오]이 남긴 잿더미 지역의 지속 시간을 20초로 연장한다.'),(427,27,5,'[마르제의 가연 쓰레기통] 레벨+2, [마르제의 재활용품 보관 자루] 레벨+1.'),(428,27,6,'[마르제의 가연 쓰레기통]으로 대미지를 입힌 후, 대상이 마르제로부터 받는 대미지가 60.0% 상승한다. 지속 시간 5초.'),(429,28,1,'[귀요미]가 다른 유형의 [귀요미]에 의해 폭발할 경우 자신이 정신력을 1 회복하며, 같은 유형의 [귀요미]에 의해 폭발할 경우 정신력을 2 회복한다.'),(430,28,2,'[악몽의 실험실] 이동 속도 감소 효과가 60.0%까지 상승한다.'),(431,28,3,'[귀요미] 레벨+2, [정확한 플레이 방법] 레벨+1.'),(432,28,4,'[악몽의 실험실]에서 [귀요미] 시전 시 45.0% 확률로 [귀요미] 1개를 추가 투척한다.'),(433,28,5,'[악몽 회상] 레벨+2, [정확한 플레이 방법] 레벨+1.'),(434,28,6,'[광란의 굉음] 보유 시 투척하는 [귀요미]는 2가지 유형의 특성을 동시에 보유하며, 입히는 대미지와 전투 태세 약화 효과가 상승한다.');
/*!40000 ALTER TABLE `introns` ENABLE KEYS */;
UNLOCK TABLES;

--
-- Table structure for table `members`
--

DROP TABLE IF EXISTS `members`;
/*!40101 SET @saved_cs_client     = @@character_set_client */;
/*!50503 SET character_set_client = utf8mb4 */;
CREATE TABLE `members` (
  `id` bigint NOT NULL AUTO_INCREMENT,
  `user_id` varchar(50) COLLATE utf8mb4_unicode_ci NOT NULL,
  `user_name` varchar(50) COLLATE utf8mb4_unicode_ci NOT NULL,
  `password` varchar(255) COLLATE utf8mb4_unicode_ci NOT NULL,
  `role` varchar(20) COLLATE utf8mb4_unicode_ci NOT NULL DEFAULT 'ADMIN',
  `created_at` timestamp NULL DEFAULT CURRENT_TIMESTAMP,
  PRIMARY KEY (`id`),
  UNIQUE KEY `user_id` (`user_id`)
) ENGINE=InnoDB AUTO_INCREMENT=3 DEFAULT CHARSET=utf8mb4 COLLATE=utf8mb4_unicode_ci;
/*!40101 SET character_set_client = @saved_cs_client */;

--
-- Dumping data for table `members`
--

LOCK TABLES `members` WRITE;
/*!40000 ALTER TABLE `members` DISABLE KEYS */;
INSERT INTO `members` VALUES (2,'lee','lee','$2a$10$oDcQI7yRj0TZpinVADM/Ne6qULauP08rHTkDi5GsR/Phpx3vDu/Jy','ADMIN','2026-01-13 14:11:52');
/*!40000 ALTER TABLE `members` ENABLE KEYS */;
UNLOCK TABLES;

--
-- Table structure for table `skills`
--

DROP TABLE IF EXISTS `skills`;
/*!40101 SET @saved_cs_client     = @@character_set_client */;
/*!50503 SET character_set_client = utf8mb4 */;
CREATE TABLE `skills` (
  `id` bigint NOT NULL AUTO_INCREMENT COMMENT '스킬 PK',
  `character_id` bigint NOT NULL COMMENT 'characters.id 참조',
  `name` varchar(50) COLLATE utf8mb4_unicode_ci NOT NULL COMMENT '스킬 이름',
  `type` varchar(20) COLLATE utf8mb4_unicode_ci NOT NULL COMMENT '스킬 타입 (대미지/버프/패시브)',
  `description` text COLLATE utf8mb4_unicode_ci NOT NULL COMMENT '스킬 설명',
  PRIMARY KEY (`id`),
  KEY `fk_skill_character` (`character_id`),
  CONSTRAINT `fk_skill_character` FOREIGN KEY (`character_id`) REFERENCES `characters` (`id`) ON DELETE CASCADE
) ENGINE=InnoDB AUTO_INCREMENT=232 DEFAULT CHARSET=utf8mb4 COLLATE=utf8mb4_unicode_ci COMMENT='캐릭터 스킬 정보';
/*!40101 SET character_set_client = @saved_cs_client */;

--
-- Dumping data for table `skills`
--

LOCK TABLES `skills` WRITE;
/*!40000 ALTER TABLE `skills` DISABLE KEYS */;
INSERT INTO `skills` VALUES (37,9,'빛보라','buff','주변의 적에게 빛 속성 대미지를 입히고, 자신과 팀원에게 오버로드 실드와 [백열]을 부여한다.'),(38,9,'난반사','passive','대미지를 입혀 빛 속성 추가 효과 발동 시, 대상이 있는 곳에 빛 속성 범위 대미지를 1회 입힌다. 효과는 0.5초마다 최대 1회 발동한다.'),(39,9,'조석','damage','검기 2개를 발사하여 명중된 적에게 빛 속성 대미지를 입히고, 빛 속성 추가 효과를 반드시 발동한다.'),(43,13,'티타임이 시작됐다!','buff','[떠들썩한 티타임] 영역을 전개한다. [떠들썩한 티타임] 영역에서 정신력을 계속 소모하고, 정신력이 0으로 내려가거나 해당 스킬 시전을 길게 누르면 [떠들썩한 티타임] 영역을 종료한다. [떠들썩한 티타임] 지속 시간 동안, 해당 스킬 시전 버튼을 눌러 [나이팅게일], [사냥개], [유니콘], [나비]의 순서로 영역 효과를 전환할 수 있다. 만약 [떠들썩한 티타임] 영역 범위 밖에서 전환할 경우, [떠들썩한 티타임] 영역은 자신의 현재 위치로 이동한다.'),(44,13,'나쁜 마법사는 햇빛을 무서워한대!','passive','자신은 영구적인 빛 속성 추가 대미지를 획득한다. [어느 따뜻한 오후에] 시전 시, [붓 끝에 핀 꽃] 6단계를 획득한다. [떠들썩한 티타임] 영역 지속 시간 동안, 매초 [붓 끝에 핀 꽃] 1단계를 획득한다. 최대 30단계 중첩.'),(45,13,'어느 따뜻한 오후에','damage','전방 범위 내 적에게 빛 속성 대미지를 입히고, 이동 속도 감소 효과를 부여한다. [떠들썩한 티타임] 지속 시간 내 시전 시 [떠들썩한 티타임] 영역을 자신의 현재 위치로 변경한다. 효과 범위가 [떠들썩한 티타임] 범위로 변경되며 입히는 대미지가 상승한다.'),(76,18,'고치의 꿈','damage','전방을 향해 돌진하고, 원래 위치에 1개의 [환영]을 소환한다. 해당 스킬은 언제든지 시전할 수 있으며 현재 행동이 중단되지 않는다. [허물 벗기] 상태에서는 해당 스킬이 [빛 쫓기]로 교체된다.'),(77,18,'재탄생','buff','[허물 벗기] 상태에 진입하고, 비행 능력을 획득한다. [허물 벗기] 상태에서는 스킬과 사격만 사용할 수 있다. [허물 벗기] 상태에서 정신력을 계속 소모하고, 정신력이 0으로 내려가거나 해당 스킬을 다시 사용하면 [허물 벗기] 상태에서 나간다. HP 비율이 15% 보다 높을 시, [허물 벗기] 상태에서 매초 HP가 감소하고, 정신력을 소모하지 않는다. 감소한 HP는 일정 비율로 오버로드 실드로 전환된다.'),(78,18,'반딧불의 빛','passive','크리티컬 대미지를 입힐 시 공격 상승, 스킬 위력 상승, 필사 상승 효과 중 1개를 무작위로 획득한다. 자신의 버프 효과 수량에 기반하여 입히는 대미지가 상승한다. 최대 12개의 버프 효과를 카운트한다.'),(115,23,'해천기','damage','버튼을 누르면, [해천기 · 진동] 시전. 전방 범위 내 적에게 번개 속성 대미지를 입히고, 자신은 1발의 [샘표 · 진동]을 획득한다. 길게 누르면, [해천기 · 바람] 시전. 주위 범위 내 적에게 번개 속성 대미지를 입히고, 자신에게 오버로드 실드를 부여하며, 자신은 1발의 [샘표 · 바람]을 획득한다.'),(116,23,'천지 연출','damage','자신의 [샘표]가 2개 미만일 때, 주변 범위 내 적에게 번개 속성 대미지를 입힌다. 자신이 [샘표] 2개를 보유할 때, 보유한 [샘표]의 상황에 따라, 해당 스킬이 다른 스킬로 교체된다.'),(117,23,'두 개의 샘','passive','[해천기] 시전을 통해 [샘표] 획득. 자신은 최대 2개의 [샘표]를 보유한다. [샘표] 수량 초과 시, 가장 먼저 획득한 1개의 [샘표]를 제거한다. [진동 소리], [만물생], [천지명] 시전 후 [샘표] 제거 시, 각 [샘표]마다 일정 확률로 보존하며, 확률은 자신의 근접 무기의 발동 확률 속성치를 기반으로 한다.'),(121,24,'신의 권력','damage','전방 범위 내 적에게 번개 속성 대미지를 입히고, 대미지 위치에 [군단 징벌] 영역을 생성한다.'),(122,24,'거센 폭풍','summon','[소환물 · 혼돈의 번개구]를 소환한다. 최대 1개가 동시에 존재할 수 있다. [만물의 힘]을 소모하여 강화된 [소환물 · 혼돈의 번개구]를 소환하고, 강화된 [소환물 · 혼돈의 번개구]가 발동하는 [맹렬한 폭풍]의 간격이 2초로 감소하며, 연결 대미지가 상승한다.'),(123,24,'만물의 힘','passive','입히는 대미지가 추가 효과 발동 시, 일정량의 [만물의 힘]을 획득한다. 최대 300의 [만물의 힘]을 보유할 수 있다. [신의 권력]과 [거센 폭풍] 시전 시, [만물의 힘]을 소모하여 상응하는 스킬을 강화할 수 있다.'),(178,12,'뒤엉킨 울음','passive','원거리 무기의 발동 확률을 기반으로 [달 사냥] 생성 후, 일정 확률로 같은 위치에 [일식]을 1개 생성한다. [일식] 생성 후, 일정 확률로 같은 위치에 [달 사냥] 1개를 생성한다. 해당 효과를 통해 생성된 [달 사냥]과 [일식]은 [안개의 바다 진혼]에 의해 강화되지 않는다.'),(179,12,'안개의 바다 진혼','buff','[장송] 상태에 진입한다. 진입 시, 자신의 스킬 범위가 100%를 초과할 경우, 초과한 부분은 일정 비율에 따라 스킬 위력으로 전환되고, 스킬 범위는 100%가 된다. 효과는 [장송] 상태가 종료될 때까지 지속된다. [장송] 상태에서 원거리 무기의 발동 확률이 상승한다. [달 사냥] 시전 시 정신력을 소모하지 않고, 대미지 대상을 범위 중심으로 끌어당긴다. [일식] 시전 시 정신력을 소모하지 않으며, 대미지 배율이 증가한다. 일정 시간이 지나거나 [달 사냥]과 [일식] 6회 시전 후 [장송] 상태는 종료된다.'),(180,12,'달 사냥','damage','[달 사냥]을 1개 생성하고, 스킬이 [일식]으로 교체된다. [달 사냥]: 생성 후 즉시 범위 내의 적에게 어둠 속성 대미지를 입히고, 이동 속도 감소 효과를 부여한다. / [일식]을 1개 생성하고, 스킬이 [달 사냥]으로 교체된다. [일식]: 생성 후 즉시 범위 내의 적에게 빛 속성 대미지를 입히고, 공격력 감소 효과를 부여한다.'),(181,10,'어둠의 불꽃','buff','근접 무기를  [이미르]로 교체하여 1개의 검기를 날리고, [이미르]로 기본 공격을 할 때 공격 방향으로 검기를 날린다. [이미르]를 사용하는 동안 자신이 대미지를 받을 시 경직되지 않으며, 정신력이 지속적으로 소모되고, 정신력이 0이 되거나 해당 스킬을 다시 사용하면 [이미르]를 회수한다.'),(182,10,'잔광','damage','전방을 향해 돌진하여, 경로상에 어둠 속성 범위 대미지를 4회 입힌다.'),(183,10,'회전','passive','[잔광]으로 입힌 대미지와 한손검으로 대미지를 입힐 시, 일정 확률로 정신력을 회복한다.'),(184,11,'흩뿌려진 비취옥','heal','자신이 [흩뿌려진 비취옥] 효과를 획득한다. 효과 지속 시간, 자신 주변 범위에 연금 안개가 생성된다. 자신과 팀원은 지속적으로 HP를 회복하고, 범위 내의 적은 지속적으로 이동 속도가 감소한다. [흩뿌려진 비취옥] 지속 시간, 매초 [아조트탄] 2발을 획득한다.'),(185,11,'호척 단련','buff','자신과 팀원에게 치료와 [정화 레시피] 효과를 부여한다. 주위의 적에게 짧은 속박과 [부패 레시피] 효과를 부여한다. 적용된 아군과 적 대상 총합에 따라 동일한 수량의 [아조트탄]을 획득한다. 최대 12발 획득.'),(186,11,'아조트탄','passive','[아조트탄] 보유 시간에, 자신의 원거리 무기의 발동 확률이 상승한다. [아조트탄]은 최대 30발 보유할 수 있고, 원거리 무기 사격 시마다, 1발의 [아조트탄]을 소모한다.'),(190,14,'혼신합일','buff','자신 주변의 적에게 물 속성 대미지를 입히고, 자신에게 오버로드 실드 및 공격 속도 상승 효과를 부여한다. 또한, 다른 팀원에게 오버로드 실드와 [아홉 침의 치료]를 부여한다.'),(191,14,'신의 구원','passive','자신과 팀원이 전투 스킬과 종결 스킬을 시전한 후, 스킬 속도 상승 효과 1단계를 획득한다. 최대 2단계까지 중첩, 중첩 시 남은 시간 리셋.'),(192,14,'끌어당기기','summon','[소환물 · 운리] 1마리 소환. [소환물 · 운리]는 최대 2마리까지 동시에 존재할 수 있다.'),(193,30,'정당한 태업','defense','자신의 앞에 [방어벽]을 지속적으로 펼치며, 주위의 적에게 번개 속성 대미지를 입힌다. 방어벽을 펼치는 동안 정신력을 지속적으로 소모하며, 이동하거나 무기를 사용할 수 없다. 대미지를 받을 때 경직되지 않고, 주위 적에게 [과로의 원한]을 지속적으로 부여한다. 해당 스킬을 다시 사용하면 방어벽을 회수한다.'),(194,30,'특별한 선물','damage','전방을 향해 [특제 실드]를 1개 투척한다. [특제 실드]가 이동을 멈출 시 1회의 [충격] 효과를 발동한다. 지속 시간 동안 3초마다 [충격] 효과를 1회 발동한다. [충격]은 자신의 방어력에 기반하여, 실드에만 적용되는 대미지를 입히며, 자신과 팀원에게 자신의 방어력에 기반한 오버로드 실드를 부여한다. 대상의 실드 수치가 0이 될 경우 대상을 마비시킨다.'),(195,30,'방패와 함께','passive','아군에게 오버로드 실드 부여 성공 시, 자신의 방어에 기반하여 대상에게 각각 1단계의 방어 상승 효과를 부여한다. 최대 10단계 중첩.'),(196,15,'타오르는 지옥','buff','자신이 [심판] 효과를 획득한다.'),(197,15,'절망의 감옥','damage','자신 주위의 적에게 불 속성 대미지를 입히고 대상을 도발한다.'),(198,15,'징벌의 결의','passive','최대 HP가 상승하고, HP를 지속적으로 회복한다.'),(199,16,'소년유','damage','주위 범위 내의 적에게 3회 빛 속성 대미지를 입히고, 자신은 원거리 무기 공격 속도 상승 효과를 획득하며, [차상] 상태에서, 해당 효과는 근접 무기 공격 속도 상승으로 전환되며, 효과가 지속하는 동안 대미지를 받을 때 경직되지 않는다.'),(200,16,'서리검 유성 털기','buff','[차상] 상태에 진입, 대량의 [고금 도검]을 소환하여 공중에서 떨어트려, 떨어트린 위치 범위 내의 적에게 빛 속성 대미지를 입힌다. [차상] 상태에서, 자신의 근접 무기는 [검비검]으로 변하고, [검비검]으로 대미지를 입혀 추가 효과 발동 시 1발의 [우비우]를 생성한다. [차상] 상태에서, 해당 스킬은 [먼지를 쫓는 깃털]로 교체된다.'),(201,16,'인생무상','passive','초기에 [검의 의지], [현의 의지]를 각각 50씩 보유, 최대 100. 자신의 [검의 의지]를 기반으로, 근접 무기로 입히는 대미지와 근접 무기 발동 확률 상승, [서리검 유성 털기]의 정신력 소모 감소, [검의 의지]가 가득할 때 [서리검 유성 털기]의 정신력 소모가 추가로 30 감소. 자신의 [현의 의지]를 기반으로, 원거리 무기로 입히는 대미지와 원거리 무기 발동 확률 상승, [먼지를 쫓는 깃털]의 정신력 소모 감소, [현의 의지]가 가득할 때 [먼지를 쫓는 깃털]의 정신력 소모가 추가로 30 감소. [차상] 상태에서 근거리 무기 대미지를 입힐 때마다 1의 [검의 의지]가 [현의 의지]로 전환하고, [차상] 상태가 아닐 시 원거리 무기 대미지를 입힐 때마다 1의 [현의 의지]가 [검의 의지]로 전환된다.'),(202,17,'인내의 이름으로','damage','전방으로 도약하여 경로상에 빛 속성 범위 대미지를 3회 입힌 후, 낙하하여 빛 속성 범위 대미지를 입힌다.'),(203,17,'안 참아!','buff','근접 무기를 [사마엘]로 전환하고 전방 범위 내의 적에게 빛 속성 대미지를 입힌다. [사마엘] 사용 기간, 해당 스킬을 다시 사용하면 [사마엘]이 회수된다. [사마엘]로 기본 공격 시전 시, 최대 4단계의 연속 공격을 발동한다. [사마엘]로 차지 공격 시전 시 정신력을 소모하며, 길게 눌러 차지 상태를 유지할 수 있다. 차지 기간 [못 참아]를 획득하고, 0.5초마다 정신력을 소모하여 콤보 포인트를 획득한다. 길게 누르기 종료, 정신력 부족 또는 콤보 레벨이 최대에 도달하면 차지 공격을 발동하여, 전방 범위 내의 적에게 빛 속성 대미지를 입힌다.'),(204,17,'흥!!','passive','콤보 레벨 상승 시 자신 주변의 적에게 빛 속성 대미지를 입히고, [사마엘]을 강화한다. 콤보 레벨이 C/B/A/S에 도달하면 [사마엘]의 강화 레벨이 각각 Lv.1/2/3/4로 상승한다. 콤보 레벨이 사라진 후에도 [사마엘]의 강화 레벨이 추가로 일정 시간 지속된다. [사마엘]의 강화 레벨에 따라 자신이 동조 무기의 공격 범위와 발동 확률 상승 효과를 획득한다.'),(205,19,'가자, 헤이즐넛!','damage','[헤이즐넛]에게 앞으로 돌진하도록 명령하여, 경로상의 적에게 바람 속성 대미지를 입힌다. 장애물에 부딪힐 시 바람 속성 범위 대미지를 입힌다. 스킬 시전 시 자신과 팀원을 치료하고, 입히는 대미지 상승 효과를 부여한다. [헤이즐넛] 탑승 시, [돌격, 헤이즐넛!]으로 교체된다.'),(206,19,'바쁘다 바빠 식량 보급관','passive','계속 이동할 시 1초마다 1단계의 [중요 인물] 효과를 획득한다. [중요 인물]: 입히는 대미지 상승, 받는 대미지 감소. 최대 10회 중첩.'),(207,19,'먹고 일하자','buff','[헤이즐넛]에 탑승하고 [일에 대한 열정]을 100 획득한다. 탑승 중 자신의 이동 속도가 상승하고, 이동 시 경로상의 적에게 바람 속성 대미지를 입힌다. 탑승 기간 동안 무기로 공격할 수 없고, [헤이즐넛]을 지휘하여 기본 공격할 수 있다. 해당 스킬을 다시 사용할 시, 탑승 상태를 해제하고 [가자, 헤이즐넛!]을 1회 시전한다.'),(208,20,'옭아매는 촉수','summon','[소환물 · 달의 해파리] 1마리 소환. [소환물 · 달의 해파리]는 최대 3마리까지 동시에 존재할 수 있다.'),(209,20,'큐피드의 이슬','damage','자신 주위의 적에게 물 속성 대미지를 입히며, 대상이 보유한 [사랑의 독] 중첩에 따라 대미지 배율이 증가한다.'),(210,20,'순애의 시련','passive','근접 무기와 [소환물 · 달의 해파리]로 공격하여 대미지를 입힐 시 [사랑의 독] 1단계를 부여한다. 최대 6단계 중첩.'),(211,21,'화약 행사','buff','원거리 무기를 [헨젤과 그레텔]로 전환하여, 스킬과 사격만 사용할 수 있고, [치명적 만개]로만 이동할 수 있게 된다. 사격 시 전방 모든 적에게 대미지를 입힌다. 사격이 지속 시간 동안 자신이 0.2초마다 1단계의 공격 속도 상승 효과를 획득한다. 최대 35단계 중첩. [헨젤과 그레텔]을 사용하는 동안 자신이 대미지를 받을 때 경직되지 않으며, 정신력이 지속적으로 소모되고, 정신력이 0이 되거나 해당 스킬을 다시 사용하면 [헨젤과 그레텔]을 회수한다.'),(212,21,'전술 속사','passive','사격하지 않을 시 자신이 매초 [예비 장전]을 1단계 획득한다. 최대 6단계 중첩. 사격 시 모든 [예비 장전]을 소모하여 일정 시간 동안 [화력 집중]을 획득한다. [화력 집중]: 소모한 [예비 장전] 단계만큼 입히는 대미지 상승. [화력 집중] 지속 시간 동안 [예비 장전]을 획득할 수 없다.'),(213,21,'치명적 만개','damage','앞 범위 내의 적에게 불 속성 대미지를 입히고 [찢어짐]을 부여한다.'),(214,22,'전매특허!','buff','모든 [소환물 · 촉수]로 1회 공격하고, 해당 공격으로 입힌 대미지를 상승시킨다. 자신과 팀원에게 입히는 스킬 대미지 상승 효과를 부여한다.'),(215,22,'정의의 집단 구타!','summon','자신의 주위에 9개의 [소환물 · 촉수]를 소환한다.'),(216,22,'활극 시작!','passive','원거리 무기로 크리티컬 대미지를 입힐 시, 일정 확률로 대상 주위에 1개의 [소환물 · 촉수]를 소환한다. 매초 1회 발동되며, [촉수]는 최대 18개까지 동시에 존재할 수 있다.'),(217,25,'절약 전술','passive','자신이 정신력을 소모할 때, 소모량의 일정 비율은 [전기 에너지]로 전환하고, [전기 에너지] 상한은 최대 정신력과 같다.'),(218,25,'빠른 출격','damage','전방으로 도약하여 경로상의 적에게 번개 속성 대미지를 입힌다. [전기 에너지]가 30 이상일 경우, 30 [전기 에너지]를 소모하여 도약 속도 및 대미지 배율 상승, 자신은 입히는 대미지 상승 효과를 획득한다.'),(219,25,'소용돌이 전기장','buff','자신의 주위 범위 내 적에게 번개 속성 대미지를 입히고 자신은 [전기장 폭발] 상태에 진입, 지속 시간 동안 정신력을 계속 소모하고, 정신력이 0으로 내려가거나 해당 스킬을 다시 사용하면 [전기장 폭발] 상태에서 나간다.'),(220,26,'레치타티보','damage','전방 범위의 적에게 어둠 속성 대미지를 입히고, 5단계의 [아다지오]를 부여한다. 최대 10단계 중첩. 중첩 시 남은 시간이 리셋된다. [필토이드로 변신] 상태 중, 해당 스킬은 [아리아]로 교체된다.'),(221,26,'개막','buff','[필토이드로 변신] 상태에 진입한다. [필토이들로 변신] 상태에서 정신력이 계속 소모되고, 정신력이 0으로 내려가면 [필토이드로 변신] 상태에서 나간다. [필토이드로 변신] 상태에서, 무기를 사용할 수 없다. 근접 공격은 [격노한 예리한 발톱]으로 교체되고, 최대 4단계의 연속 공격을 진행하며, 어둠 속성 대미지를 입힌다. 공중에서 시전 시, 착지 및 주위 범위내 적에게 어둠 속성 대미지를 입힌다. 원거리 공격은 [비통한 울부짖음]으로 교체되고, 방사선을 발사하여 공격하며, 어둠 속성 대미지를 입힌다. [격노한 예리한 발톱] 3단계와 [비통한 울부짖음]으로 대미지를 입힐 시, [듀엣] 효과가 발동한다. [격노한 예리한 발톱] 4단계와 공중 낙하로 대미지를 입힐 시, [쉼표] 효과가 발동한다.'),(222,26,'무대 연출','passive','[필토이드로 변신] 상태에서, 자신의 최대 정신력에 기반하여, 자신의 공격 상승. 자신은 스킬 시전을 통해 [몰입도]를 획득할 수 있고, [몰입도] 상한은 최대 정신력과 같다. [레치타티보], [아리아] 시전 시, 일정량의 [몰입도]를 획득한다. [필토이드로 변신] 상태에서, 매초 일정량의 [몰입도]를 획득한다. [필토이드로 변신] 상태에서 [몰입도]가 상한에 도달 시, 자동으로 [필토이드로 변신 · 봉헌] 상태에 진입한다.'),(223,27,'마르제의 가연 쓰레기통','damage','전방을 향해 [마르제의 가연 쓰레기통] 3개를 발사한다. 장애물과 충돌 시 즉시 폭발하며 불 속성 범위 대미지를 입히고, 일정 단계의 [보물이다!]제거를 통해 강화 효과를 획득한다. [보물이다!] 3단계 보유 시 해당 단계의 [보물이다!]를 제거해 폭발 범위와 폭발 대미지 배율을 증폭시킨다. [보물이다!] 6단계 보유 시 해당 단계의 [보물이다!]를 제거해 폭발 후 잿더미가 남은 지역에서 2초마다 범위 내의 적에게 불 속성 대미지를 1회 입힌다. [보물이다!] 9단계 보유 시 해당 단계의 [보물이다!]를 제거해 폭발 후 추가 불 속성 범위 대미지를 2회 입힌다.'),(224,27,'마르제의 만능 보물 탐색 삽','damage','전방 범위 내의 여러명의 적에게 불 속성 대미지를 입히고 기절 효과를 부여한다. 길게 누를 시 지속적인 공격을 가한다.'),(225,27,'마르제의 재활용품 보관 자루','passive','자신과 팀원이 드롭 아이템을 습득할 시 자신이 영구적인 [보물이다!] 1단계를 획득하여 스킬 위력이 상승한다. 최대 20단계 중첩.'),(226,28,'귀요미','damage','[귀요미] 폭탄 1개를 투척한다. 폭탄은 [귀요미 · 예일 제조], [귀요미 · 올리버 제조] 중 1종이 무작위로 선택된다. 낙하 2초 후 폭발하여 십자 범위 내의 적에게 불 속성 대미지를 입히고, 폭발 범위 내의 기타 [귀요미]를 폭발시킨다. [귀요미]는 최대 10개까지 동시에 존재할 수 있다.'),(227,28,'악몽 회상','damage','자신 주위에 [악몽의 실험실]을 생성한다. 해당 스킬 재사용 시 [악몽의 실험실]이 사전 종료된다.'),(228,28,'정확한 플레이 방법','passive','[귀요미] 투척 시 [귀요미]가 지면에서 2m 이상 떨어진 경우 착지 후 주위의 적에게 불 속성 대미지를 입힌다.'),(229,29,'은닉','buff','[종적 감추기] 상태에 진입하고, [쟁취] 상태에서 나간다. 자발적으로 [종적 감추기] 상태에서 나가거나 [종적 감추기] 상태에서 [은닉]을 다시 시전할 때, 2발의 [송곳니의 가시]를 생성해 주위의 랜덤 적을 공격한다.'),(230,29,'엽습','buff','모든 [송곳니의 가시]를 회수하고, [쟁취] 상태에 진입한다. 1발의 [송곳니의 가시]를 회수할 때마다, 일정 HP가 감소하고, 감소한 HP는 동일한 오버로드 실드로 전환되며, 추가로 [쟁취]의 지속 시간이 연장된다. 해당 효과로 HP가 감소할 때, HP는 최소 1로 감소한다.'),(231,29,'이에는 이','passive','대미지를 입을 때, 1발의 [송곳니의 가시]를 생성해 대미지의 근원을 공격하고, 효과는 매초 최대 1회 발동한다.');
/*!40000 ALTER TABLE `skills` ENABLE KEYS */;
UNLOCK TABLES;

--
-- Table structure for table `uploaded_images`
--

DROP TABLE IF EXISTS `uploaded_images`;
/*!40101 SET @saved_cs_client     = @@character_set_client */;
/*!50503 SET character_set_client = utf8mb4 */;
CREATE TABLE `uploaded_images` (
  `id` bigint NOT NULL AUTO_INCREMENT,
  `filename` varchar(255) COLLATE utf8mb4_unicode_ci NOT NULL,
  `used` tinyint(1) NOT NULL DEFAULT '0',
  `created_at` timestamp NULL DEFAULT CURRENT_TIMESTAMP,
  PRIMARY KEY (`id`),
  UNIQUE KEY `url` (`filename`)
) ENGINE=InnoDB AUTO_INCREMENT=213 DEFAULT CHARSET=utf8mb4 COLLATE=utf8mb4_unicode_ci;
/*!40101 SET character_set_client = @saved_cs_client */;

--
-- Dumping data for table `uploaded_images`
--

LOCK TABLES `uploaded_images` WRITE;
/*!40000 ALTER TABLE `uploaded_images` DISABLE KEYS */;
INSERT INTO `uploaded_images` VALUES (16,'657a6aa2-6578-46b0-ab50-3a5dc82805f0.png',1,'2026-02-11 22:35:04'),(17,'a0b4dc83-04d3-42c3-8e60-47b4829e8123.webp',1,'2026-02-11 22:35:29'),(18,'d9b4d814-eb07-4c2f-b866-ed958c406185.png',1,'2026-02-12 06:59:27'),(19,'385bfdef-835f-4f45-b1b9-39f33ec74909.png',1,'2026-02-12 06:59:31'),(20,'29d807d9-9255-4b13-b3a9-82cd10aa8a3a.png',1,'2026-02-13 06:21:42'),(21,'e8385d87-d2d8-4886-a096-9ddf9477ca5d.png',1,'2026-02-13 06:21:45'),(22,'18a9bd5d-8d98-470e-aeda-3347fd035627.png',1,'2026-02-13 22:50:44'),(23,'86cea75f-9d64-4941-8bd9-b9d39498109f.png',1,'2026-02-13 22:50:48'),(24,'b6c87051-6951-4543-91ef-c347fc0813ee.png',1,'2026-02-14 21:45:09'),(25,'38d35fb5-ef6e-410b-a10e-033052954d7e.png',1,'2026-02-14 21:45:11'),(26,'e010ccd2-4fca-424e-8db3-0df97926b278.png',1,'2026-02-15 10:11:24'),(28,'e592f9f7-d1e1-4d36-a102-a404aafd1982.png',1,'2026-02-15 10:14:11'),(29,'e5796081-045d-432e-bf36-f00ca0616e8c.png',1,'2026-02-15 10:33:22'),(30,'32d6b70d-48fe-46d0-a949-4790fa40174c.png',1,'2026-02-15 10:33:25'),(31,'ea51b7ad-a81d-440b-b8f3-09a727b36abf.png',1,'2026-02-15 10:42:53'),(32,'f3b78ead-d1c6-4cc5-a56c-d65bfc8d72e6.png',1,'2026-02-15 10:42:55'),(33,'33156ac7-1a40-4760-b770-73af6cf4d931.png',1,'2026-02-15 11:51:53'),(34,'753f3c0e-e4cc-4cee-84fd-2c0dacabc9ce.png',1,'2026-02-15 11:51:55'),(35,'fe441180-27f1-415d-af80-453977bdb436.png',1,'2026-02-15 12:06:16'),(36,'a9986837-e9fd-419a-ad41-2a0aaa74efe7.png',1,'2026-02-15 12:06:19'),(37,'5d102978-ac27-4353-80b9-5ab6f0a73cd0.png',1,'2026-02-15 13:19:07'),(38,'f2e532c5-6703-4ef0-8a0e-09345ebd4224.png',1,'2026-02-15 13:19:11'),(39,'c7269f2d-437a-4885-863b-6180e47eb769.png',1,'2026-02-15 13:36:55'),(40,'bb3a8bee-0575-4122-b5f2-045133c543d4.png',1,'2026-02-15 13:36:59'),(41,'1b6f00ee-80fe-4820-b2f5-0013b92c6fea.png',1,'2026-02-15 13:49:48'),(42,'1e45731e-e31a-4083-b03b-2bd90d5e31d9.png',1,'2026-02-15 13:49:50'),(43,'8d2da90b-ffa8-46ee-aafc-8d72fb86aaf5.png',1,'2026-02-15 16:13:10'),(44,'758fb6ea-d994-4e37-b8ad-21251ca13cbe.png',1,'2026-02-15 16:13:16'),(45,'6dd944db-7e42-4afe-a3b3-176093cfcf29.png',1,'2026-02-15 16:21:22'),(46,'ee09f809-c0b1-492e-a05e-7567a8ab53b0.png',1,'2026-02-15 16:21:24'),(47,'f6b2b2b8-3c34-4630-aa72-0a7d139be91d.png',1,'2026-02-15 16:36:29'),(48,'25566b21-7afe-4b51-9abf-dc0bc9e9cccb.png',1,'2026-02-15 16:36:32'),(49,'f3f62d87-f432-4ea7-9850-0e562a73b6fe.png',1,'2026-02-15 16:46:09'),(50,'45972feb-242f-4bca-b60f-367739e5024e.png',1,'2026-02-15 16:46:11'),(51,'2cc4ddd2-b648-4e68-9311-1360de33def0.png',1,'2026-02-15 16:58:31'),(52,'d3bd21f7-db43-409a-b978-6c768affc4af.png',1,'2026-02-15 16:58:37'),(53,'ee3baf50-65da-48bb-a365-5b48ebc45e73.png',1,'2026-02-15 17:11:13'),(54,'f6ba0d90-e7d6-4c89-a83c-ae1f49334a71.png',1,'2026-02-15 17:11:16'),(55,'a9b23b9e-05a8-4080-af14-b9ff523bcbd6.png',1,'2026-02-15 19:15:57'),(56,'c4e89a8b-b070-4471-aaa3-7b601883b46f.png',1,'2026-02-15 19:16:07'),(57,'1ca21cfa-46ec-4a29-ab01-7e48d0787350.png',1,'2026-02-15 19:24:12'),(58,'6b76de50-b556-4e93-8bce-9018024f91b0.png',1,'2026-02-15 19:24:14'),(59,'241b026e-8c06-44dc-b80a-dc44141d24a6.png',1,'2026-02-15 19:30:25'),(61,'3966b686-295e-4230-adc8-1980facf6ed6.png',1,'2026-02-15 19:30:40'),(62,'1c4f947f-9455-42b3-b0b0-046d24f33862.png',1,'2026-02-15 19:49:04'),(63,'5bfd0d30-f4cc-4625-9ab5-63baf218e799.png',1,'2026-02-16 12:35:51'),(64,'937a5516-9918-4893-9f7b-a30eee7ad9e7.png',1,'2026-02-16 12:37:51'),(65,'2031c15a-3c23-4e89-bbbc-ddbcf28a6d40.png',1,'2026-02-16 12:42:15'),(66,'79ce3f31-efa4-4d0d-8738-c8f2e758d28f.png',1,'2026-02-16 12:44:01'),(67,'c3a37076-81af-4c5e-91a3-192432816438.png',1,'2026-02-16 12:45:54'),(68,'5c3baf65-4e48-4f2e-99fe-50b641ad6209.png',1,'2026-02-16 12:49:02'),(69,'459f445e-0804-442d-983f-ba45c8ffbcfc.png',1,'2026-02-16 12:51:13'),(70,'3c4ec473-2c30-41be-9c7a-ca33605efa60.png',1,'2026-02-16 12:58:27'),(71,'9b449b0a-577e-493e-9207-5953f99e775c.png',1,'2026-02-16 13:09:57'),(72,'6c53d17b-724c-4759-bfef-d29cbb4141d0.png',1,'2026-02-16 13:11:52'),(73,'8e39d817-9687-45c5-82cd-efb3c8f7a13f.png',1,'2026-02-16 13:13:10'),(74,'110fea4b-8445-4aa8-80e2-c591b1e21611.png',1,'2026-02-16 13:15:15'),(75,'022ac931-74c0-4a60-b351-e9bf8e8eae3d.png',1,'2026-02-16 13:17:00'),(76,'0cb56818-93a0-48cc-9c24-2fcf852e4c13.png',1,'2026-02-16 13:18:37'),(77,'e05308db-9dfd-4549-ae9c-720ce73b7227.png',1,'2026-02-16 13:20:52'),(78,'ff7ec8f9-88a8-4138-bdb9-aead881fe30a.png',1,'2026-02-16 13:24:49'),(79,'2ef8a21a-4c38-4c7c-a01f-991184480c1f.png',1,'2026-02-16 13:26:08'),(80,'906ba44b-0f5d-4c72-ba16-bcf4b584999d.png',1,'2026-02-16 13:28:12'),(81,'54af4f70-2494-4952-82aa-110a91726266.png',1,'2026-02-16 13:29:29'),(82,'9623dd5e-7985-40af-a42f-0e058d41b941.png',1,'2026-02-16 13:31:03'),(83,'2ea386bd-bd96-4aeb-9e0a-3286002a5795.png',1,'2026-02-16 13:32:22'),(84,'f955e0f2-e6c2-43b3-b0ec-534a44962212.png',1,'2026-02-16 13:35:09'),(85,'b86799da-a13a-4e96-87aa-81a8c4a7e6c0.png',1,'2026-02-16 13:36:12'),(86,'fac015b3-76a8-412a-b219-4ad05562ab58.png',1,'2026-02-16 13:37:49'),(87,'7ba02529-2923-4110-8ec8-6b4d796dcd3f.png',1,'2026-02-16 13:39:36'),(88,'e8b2feee-459e-490d-bc88-eb3a39ff7752.png',1,'2026-02-16 13:41:12'),(89,'2bfa2f20-097d-4771-a445-aaf7118e9a05.png',1,'2026-02-16 13:43:10'),(90,'07df52fe-a6ee-49ac-9d83-dbe2238f0728.png',1,'2026-02-16 13:44:45'),(91,'9c6904ba-ea39-44eb-8b07-e00556756af9.png',1,'2026-02-16 13:46:14'),(92,'68c942ec-5c1e-47d7-96a2-dae5c760bbb0.png',1,'2026-02-16 14:30:46'),(93,'3ace198a-1874-44b1-9782-e41e19c8ebd3.png',1,'2026-02-16 14:55:09'),(94,'ce4ead06-b939-4734-ab8b-3bc06d48082d.png',1,'2026-02-16 14:56:43'),(95,'8c40ad87-4c8f-45f5-88b1-e66849b9da0d.png',1,'2026-02-16 14:57:34'),(96,'075093e5-b06c-443b-81a3-c8e1c201d891.png',1,'2026-02-16 15:02:01'),(97,'2775aafd-a52e-4c08-a708-dec728cdcbe5.png',1,'2026-02-16 15:03:28'),(98,'83689f39-88fc-40c7-8c32-8e8e14b69137.png',1,'2026-02-16 15:04:25'),(99,'016a1676-2c1e-4f2a-86f0-79716d634b80.png',1,'2026-02-16 15:06:29'),(100,'5bb9b705-205e-44c1-9723-ec829d4b0e76.png',1,'2026-02-16 15:08:15'),(101,'d68b3411-0180-4368-8496-cf4935c4d3b4.png',1,'2026-02-16 15:09:16'),(102,'6c5a0546-a259-46f7-a1cd-9a8f1162c0b7.png',1,'2026-02-16 17:25:45'),(103,'ddd02fa1-f26f-42d0-9421-08e4969c184b.png',1,'2026-02-16 17:28:03'),(104,'51aede45-1b56-4347-85b3-91a63725f324.png',1,'2026-02-16 17:29:31'),(105,'f1f43de9-ab99-425c-80b4-21e881165c81.png',1,'2026-02-16 17:30:30'),(106,'7017afbd-6817-43d1-937b-19ab43d56279.png',1,'2026-02-16 17:32:50'),(107,'abcc6865-f80d-4f78-b9d7-c10641cc435e.png',1,'2026-02-16 17:34:41'),(108,'c502c128-b5fa-46f2-acd8-5e2121d77573.png',1,'2026-02-16 17:38:06'),(109,'d0955dd1-2ba3-494d-adbe-b5eef775a8d1.png',1,'2026-02-16 17:39:31'),(110,'b715a4c7-537e-4c00-b612-dd832919f284.png',1,'2026-02-16 17:40:52'),(111,'a3ba3e94-12fc-496d-86fd-d698572897d9.png',1,'2026-02-16 17:42:39'),(112,'099639da-79a6-40a3-bf3c-6c1e4ec92f73.png',1,'2026-02-16 17:43:35'),(113,'a6e95996-8c0e-4f1a-9728-108af8eb8e77.png',1,'2026-02-16 17:53:12'),(114,'07f99124-777d-4c6b-bdd7-5a693fd6de5f.png',1,'2026-02-16 17:55:08'),(115,'b2e44f12-6438-4392-a20f-c594e459f150.png',1,'2026-02-16 19:30:44'),(116,'e144cfd4-73f0-4ad8-83cd-4a2cc98763a2.png',1,'2026-02-16 19:38:14'),(117,'fe1fd251-53b4-4cc7-818f-182bfa386e45.png',1,'2026-02-16 20:01:00'),(118,'89cd31ac-5ccb-4eca-be57-d3996f78957f.png',1,'2026-02-16 20:01:54'),(119,'91b859b9-f6f8-4dbf-9862-43c96dd67710.png',1,'2026-02-16 20:02:33'),(120,'7e88c984-a63b-4ab8-ba16-351a244f8dd9.png',1,'2026-02-16 20:03:46'),(121,'21b1f421-220d-46fe-a0bb-28fec13af3c5.png',1,'2026-02-16 20:04:31'),(122,'64028ab8-a75b-4997-a9f8-1ce23638a2f5.png',1,'2026-02-16 20:05:01'),(124,'503f3e90-9af4-44db-b9ee-38a041d2d045.png',1,'2026-02-16 22:30:41'),(125,'9d71e09a-3719-4043-a7d5-8429036e8e05.png',1,'2026-02-16 22:34:10'),(126,'96e48e58-85f3-426f-b10e-b1edbe96b596.png',1,'2026-02-16 22:35:03'),(127,'8017f15f-cf1c-4345-9693-a76eb15b4923.png',1,'2026-02-16 22:51:52'),(128,'3d85aa31-cbed-401d-a752-139285e1d3fd.png',1,'2026-02-16 22:52:46'),(129,'513eeabc-bcf1-4680-afd9-a50ab467d016.png',1,'2026-02-16 22:53:55'),(130,'855108d2-e766-43e9-b6b8-6c304d0c3976.png',1,'2026-02-16 22:55:04'),(131,'f3c9fe58-f5f4-4df8-b30b-054223ca2203.png',1,'2026-02-16 22:55:49'),(132,'9e049352-ab75-43a2-89e7-14f67d9e085a.png',1,'2026-02-16 22:56:24'),(133,'5ec449a8-2fd8-4f8b-be37-703263bd9c7c.png',1,'2026-02-16 22:56:58'),(134,'42147241-e23e-4e51-8e85-7e3368a8b904.png',1,'2026-02-16 22:57:47'),(135,'6b9f0233-7bc9-44af-b260-c2432d8d5b81.png',1,'2026-02-16 23:11:16'),(136,'e80c95c5-e675-4eca-8253-4e140587cff9.png',1,'2026-02-16 23:11:58'),(137,'05c34b8f-6a8a-4e29-ba51-0ea2366cff6b.png',1,'2026-02-16 23:12:30'),(138,'8e8f3abd-2a92-4874-968d-6d2f6fc470b6.png',1,'2026-02-16 23:13:02'),(139,'a255f0cf-995d-4a39-ba1e-c7f141fb7368.png',1,'2026-02-16 23:13:38'),(140,'587e5994-9203-4149-8fc8-a1b37872218d.png',1,'2026-02-16 23:14:06'),(141,'a4ae31fb-cdf2-4b51-a0c5-32e3cb640788.png',1,'2026-02-16 23:14:34'),(142,'5628bed4-b538-4e59-b51a-becac7b908c7.png',1,'2026-02-16 23:15:07'),(143,'1ed6bb0b-db0b-4764-94a0-2146e203b029.png',1,'2026-02-16 23:15:43'),(144,'e5b4b87a-1c81-488e-bf81-209852d66f08.png',1,'2026-02-16 23:16:06'),(145,'70ad75a2-8f4d-4915-8921-01aed9ac864b.png',1,'2026-02-16 23:16:58'),(146,'1fb1648b-ab7b-495a-a881-8d4b0c322c6d.png',1,'2026-02-16 23:17:22'),(147,'4c968b87-24da-4919-b436-ad522e415900.png',1,'2026-02-16 23:18:07'),(148,'1e88a0cf-1e34-4f49-b630-9abdf995b2f3.png',1,'2026-02-16 23:18:33'),(149,'88bf6dc9-c4dc-4ebb-a870-3272bef5a6f0.png',1,'2026-02-16 23:19:11'),(150,'7a951358-8a40-4953-9ea2-c21e77d11524.png',1,'2026-02-16 23:19:51'),(151,'60abdc5d-29a7-4973-bc6d-b6faaf3f466d.png',1,'2026-02-16 23:20:19'),(152,'9a591a61-72b5-42a8-821a-f03aa0fa6895.png',1,'2026-02-16 23:26:57'),(153,'9be87c35-a25b-4de8-9353-cc62efa6ddea.png',1,'2026-02-16 23:52:36'),(154,'e60882f6-c421-40af-a47f-c34b5ead1b5e.png',1,'2026-02-16 23:53:48'),(155,'e7863223-c1b1-45fe-a232-c92bb98adca3.png',1,'2026-02-16 23:55:11'),(156,'4c664abc-f746-48c8-b8b7-5124718c3870.png',1,'2026-02-16 23:55:46'),(157,'bb8f8dc8-9749-4b2d-8613-18b823c60094.png',1,'2026-02-16 23:56:24'),(158,'72b89047-9460-4c35-a196-9145aad0a082.png',1,'2026-02-16 23:56:49'),(159,'536230d1-a18d-48ff-8805-2373479265de.png',1,'2026-02-16 23:57:24'),(160,'eda9cf4c-7aa1-4a15-8e66-837d79163b72.png',1,'2026-02-16 23:57:49'),(161,'9f1f91f5-10fd-4333-8911-2f152d35f76a.png',1,'2026-02-16 23:58:19'),(162,'63587d18-60ba-42ec-b88e-ed76def291f4.png',1,'2026-02-16 23:58:54'),(163,'3fb35a96-2efd-4aec-9e3d-fe3ebc9c7a45.png',1,'2026-02-17 00:00:22'),(164,'ca0506d8-f40f-470c-a274-b789595a15e1.png',1,'2026-02-17 00:00:50'),(165,'f80d885f-9bd4-4956-a503-bd1c19dda1a6.png',1,'2026-02-17 00:01:13'),(166,'efae1a72-bdd0-4d30-8707-83abc9487469.png',1,'2026-02-17 00:01:44'),(167,'073ae17a-b6dd-4dc0-9041-0cba3ae2ec23.png',1,'2026-02-17 00:02:16'),(168,'a7310e25-83b4-4447-9206-50b95c00d3ad.png',1,'2026-02-17 00:02:48'),(169,'d7ea2b9f-58b7-475b-ac9b-7c12726ce198.png',1,'2026-02-17 00:03:21'),(170,'1fe9e69f-6cf4-4b86-a68f-725467621dc9.png',1,'2026-02-17 00:05:14'),(171,'95861cd9-33cf-45ec-910f-ace6fbd31995.png',1,'2026-02-17 00:07:32'),(172,'1c08069f-4143-42ba-b641-72c22dab888d.png',1,'2026-02-17 00:09:52'),(173,'1d701c6a-d938-4582-9367-a393ebec5d2c.png',1,'2026-02-17 00:11:01'),(174,'40b8a713-0986-4107-93f0-c8e485ad6e36.png',1,'2026-02-17 00:17:51'),(175,'9bc1f467-aa85-4d81-b788-f3e4cd06f082.png',1,'2026-02-17 00:18:20'),(176,'647adf90-2d32-43e9-8005-9ae0e6e94ee5.png',1,'2026-02-17 00:18:57'),(177,'9d01857e-ed3f-4e77-8baf-c9c573ea262e.png',1,'2026-02-17 00:19:53'),(178,'e8b7eecf-f5cb-4c62-819e-9451185842d3.png',1,'2026-02-17 00:20:41'),(179,'e871a2cb-4856-484a-a4e7-34baa40613c2.png',1,'2026-02-17 00:21:10'),(180,'8e8b0a92-e47c-4d96-bad1-a0e47eabb927.png',1,'2026-02-17 00:21:49'),(181,'ecbcf500-3fda-48b3-9d07-db88f6d1260d.png',1,'2026-02-17 00:22:16'),(182,'c1683a25-2aef-4c44-b174-08569523519d.png',1,'2026-02-17 00:23:01'),(183,'e300640d-5496-4dc7-934c-82bbe81f82df.png',1,'2026-02-17 00:23:38'),(184,'927711b6-a0f4-461d-87e4-f4095bbf555d.png',1,'2026-02-17 00:24:00'),(185,'2780c7ca-b1eb-420f-9a44-3910025bbb5a.png',1,'2026-02-17 00:24:26'),(186,'d2139ac8-213e-4d78-b808-4eac9364d9f7.png',1,'2026-02-17 00:24:56'),(187,'7a62b7e1-c0c0-4d97-8922-eccae77734be.png',1,'2026-02-17 00:32:09'),(188,'dde3b92b-3fce-4cc7-ad3d-528042a9813a.png',1,'2026-02-17 00:37:51'),(189,'d6af5531-e228-422f-8300-c7c0b259693a.png',1,'2026-02-17 00:38:27'),(190,'8fe9bb17-3b03-433f-84f6-209cb12eade1.png',1,'2026-02-17 00:40:01'),(191,'6fc5a9c6-9608-4f73-8a5a-878639b0cae6.png',1,'2026-02-17 09:40:22'),(192,'9b885117-9f5c-449a-b3fe-8976d885c782.png',1,'2026-02-17 09:41:21'),(193,'0a8a7a93-5a9e-4229-b9f4-378a4f95d02f.png',1,'2026-02-17 09:42:06'),(194,'dadc7d0e-b7b8-460b-b27b-397aa353224f.png',1,'2026-02-17 09:42:36'),(195,'2d283bdf-d48d-4a3e-a59f-74347c6f8264.png',1,'2026-02-17 09:43:11'),(196,'e11479a1-67a8-4fea-96f2-6044d02c4a19.png',1,'2026-02-17 09:43:54'),(197,'82827b63-da3d-4cca-8b85-9f52e820d914.png',1,'2026-02-17 09:44:36'),(198,'ba32f17e-b123-4658-b9d3-1475abd132ad.png',1,'2026-02-17 09:45:18'),(199,'62414ad7-fa16-4462-a940-69fe067546b9.png',1,'2026-02-17 09:45:49'),(200,'73951291-24f9-45a4-8cd8-3a8ec3cdb113.png',1,'2026-02-17 09:47:42'),(201,'ed23fdcc-dd92-4fd6-a3af-e563bcc407c4.png',1,'2026-02-17 09:50:26'),(202,'a3ff7e7c-0645-4146-9765-888d2bd4b4bc.png',1,'2026-02-17 09:53:44'),(203,'71783538-115c-4ee9-ae57-ae85666d5874.png',1,'2026-02-17 09:55:11'),(204,'22ded63a-4961-4c11-97c2-bb50bc5dcc81.png',1,'2026-02-17 09:56:01'),(205,'31c0a278-47c7-4645-aa19-bd9bedc7b8bd.png',1,'2026-02-17 09:58:48'),(206,'22221828-2b42-4a9e-919e-084c783b3e15.png',1,'2026-02-17 10:00:12'),(207,'8d4a5ac2-2f19-4b2b-9bcd-3016d1e3634f.png',1,'2026-02-17 10:01:24'),(208,'96dae6dd-8070-4f7e-99b9-65abb24d890c.png',1,'2026-02-17 10:02:45'),(209,'25c3648c-2ffa-4a53-857b-af84749f7dd7.png',1,'2026-02-17 10:04:30'),(210,'0942bab8-c15b-47b3-9055-cac360d16db3.png',1,'2026-02-17 10:05:24'),(211,'8036071c-19b6-49f9-a8c2-a920a4064843.png',1,'2026-02-17 10:06:49'),(212,'7672af75-b354-49f1-a361-012aad1f7469.png',1,'2026-02-17 10:08:31');
/*!40000 ALTER TABLE `uploaded_images` ENABLE KEYS */;
UNLOCK TABLES;

--
-- Table structure for table `weapons`
--

DROP TABLE IF EXISTS `weapons`;
/*!40101 SET @saved_cs_client     = @@character_set_client */;
/*!50503 SET character_set_client = utf8mb4 */;
CREATE TABLE `weapons` (
  `id` bigint NOT NULL AUTO_INCREMENT COMMENT '무기 PK',
  `slug` varchar(50) CHARACTER SET utf8mb4 COLLATE utf8mb4_unicode_ci NOT NULL COMMENT '무기 고유 식별자(URL 및 API용)',
  `name` varchar(100) CHARACTER SET utf8mb4 COLLATE utf8mb4_unicode_ci NOT NULL COMMENT '무기 이름',
  `image` varchar(255) CHARACTER SET utf8mb4 COLLATE utf8mb4_unicode_ci DEFAULT NULL COMMENT '무기 이미지 경로',
  `category` varchar(10) CHARACTER SET utf8mb4 COLLATE utf8mb4_unicode_ci NOT NULL COMMENT '무기 카테고리 (melee/ranged)',
  `weapon_type` varchar(20) CHARACTER SET utf8mb4 COLLATE utf8mb4_unicode_ci NOT NULL COMMENT '무기 타입 (sword, bow 등)',
  `attack_type` varchar(10) CHARACTER SET utf8mb4 COLLATE utf8mb4_unicode_ci NOT NULL COMMENT '공격 타입 (slash/spike/smash)',
  `element` varchar(10) CHARACTER SET utf8mb4 COLLATE utf8mb4_unicode_ci DEFAULT NULL COMMENT '액티브 스킬 속성 (nullable)',
  `attack` decimal(8,2) NOT NULL COMMENT '기본 공격력',
  `crit_rate` decimal(5,2) NOT NULL COMMENT '치명타 확률(%)',
  `crit_damage` decimal(5,2) NOT NULL COMMENT '치명타 피해량(%)',
  `attack_speed` decimal(4,2) NOT NULL COMMENT '공격 속도',
  `trigger_probability` decimal(5,2) NOT NULL COMMENT '발동 확률(%)',
  `charge_attack_speed` decimal(4,2) DEFAULT NULL COMMENT '차지 공격 속도 (근접 전용)',
  `fall_attack_speed` decimal(4,2) DEFAULT NULL COMMENT '낙하 공격 속도 (근접 전용)',
  `multishot` int DEFAULT NULL COMMENT '다중 사격 (원거리 전용)',
  `max_ammo` int DEFAULT NULL COMMENT '최대 탄약 (원거리 전용)',
  `ammo_conversion_rate` decimal(5,2) DEFAULT NULL COMMENT '탄약 전환율 (원거리 전용)',
  `passive_stat` varchar(30) CHARACTER SET utf8mb4 COLLATE utf8mb4_unicode_ci DEFAULT NULL COMMENT '패시브 스탯 종류 (WORD 코드 참조)',
  `passive_value` decimal(6,2) DEFAULT NULL COMMENT '패시브 수치(%)',
  `active_skill_description` text CHARACTER SET utf8mb4 COLLATE utf8mb4_unicode_ci COMMENT '액티브 스킬 설명',
  `created_at` timestamp NULL DEFAULT CURRENT_TIMESTAMP COMMENT '생성 일시',
  `mag_capacity` int DEFAULT NULL COMMENT '탄창 용량',
  PRIMARY KEY (`id`),
  UNIQUE KEY `uk_weapon_slug` (`slug`)
) ENGINE=InnoDB AUTO_INCREMENT=56 DEFAULT CHARSET=utf8mb4 COLLATE=utf8mb4_unicode_ci COMMENT='무기 정보';
/*!40101 SET character_set_client = @saved_cs_client */;

--
-- Dumping data for table `weapons`
--

LOCK TABLES `weapons` WRITE;
/*!40000 ALTER TABLE `weapons` DISABLE KEYS */;
INSERT INTO `weapons` VALUES (2,'sacredFavour','거룩한 은총','1c4f947f-9455-42b3-b0b0-046d24f33862.png','melee','katana','spike',NULL,251.40,20.00,250.00,1.00,20.00,0.00,0.00,NULL,NULL,NULL,'attack_per',100.00,'캐릭터 공격+100.0%. 해당 무기로 차지 공격 시, 크리티컬 대미지가 150.0% 상승한다. 지속 시간 6.0초. 다른 무기로 전환 시 효과가 사라진다.','2026-02-15 10:51:38',NULL),(3,'withershade','조령','5bfd0d30-f4cc-4625-9ab5-63baf218e799.png','melee','katana','smash',NULL,213.39,23.00,215.00,1.00,20.00,0.00,0.00,NULL,NULL,NULL,'skillRange',72.00,'스킬 범위+72.0%','2026-02-16 03:36:58',NULL),(4,'momijiItteki','단풍 한 방울','937a5516-9918-4893-9f7b-a30eee7ad9e7.png','melee','katana','slash',NULL,238.49,22.00,225.00,1.00,15.00,0.00,0.00,NULL,NULL,NULL,'critDamage',125.00,'크리티컬 대미지+125.0%. 해당 무기로 대미지를 입힐 시, 대미지 18.0% 상승. 자신의 콤보 레벨 1레벨당 18.0% 추가 상승.','2026-02-16 03:41:10',NULL),(5,'wanderingRose','방황하는 장미','2031c15a-3c23-4e89-bbbc-ddbcf28a6d40.png','melee','sword','spike',NULL,251.40,23.00,210.00,1.00,28.00,0.00,0.00,NULL,NULL,NULL,'attackSpeed',50.00,'공격 속도+50.0%. 해당 무기로 차지 공격 시전 시 56.0% 확률로 마령 지원 쿨타임이 3.0초 단축된다.','2026-02-16 03:43:30',NULL),(6,'ingeniousTactics','기발한 전술','79ce3f31-efa4-4d0d-8738-c8f2e758d28f.png','melee','sword','slash',NULL,225.94,20.00,200.00,1.00,33.00,0.00,0.00,NULL,NULL,NULL,'defense_per',100.00,'방어+100.0%. 해당 무기로 대미지를 입혀 추가 효과 발동 시, 50.0% 확률로 대상에게 자신의 방어 350.0%만큼 실드를 약화시킨다.','2026-02-16 03:44:58',NULL),(7,'remanentReminiscence','추억의 잔영','c3a37076-81af-4c5e-91a3-192432816438.png','melee','sword','spike',NULL,213.39,30.00,210.00,1.00,12.00,0.00,0.00,NULL,NULL,NULL,'attackRange',2.00,'공격 범위+2.0. 해당 무기로 치명타 발동 시, 66.0% 확률로 정신력을 3.0 회복한다. 해당 효과는 0.5초마다 최대 1회 발동한다.','2026-02-16 03:47:29',NULL),(8,'bladeAmberglow','빛나는 붉은 칼날','5c3baf65-4e48-4f2e-99fe-50b641ad6209.png','melee','sword','smash',NULL,238.49,25.00,200.00,1.00,15.00,0.00,0.00,NULL,NULL,NULL,'attack_per',120.00,'캐릭터 공격력+120.0%','2026-02-16 03:49:33',NULL),(9,'shackleofLonewolf','고독의 족쇄','459f445e-0804-442d-983f-ba45c8ffbcfc.png','melee','sword','spike','hydro',251.40,22.00,215.00,1.00,30.00,0.00,0.00,NULL,NULL,NULL,'triggerProbability',75.00,'발동 확률+150.0%. 물 속성 캐릭터가 해당 무기로 대미지를 입혀 추가 효과 발동 시, 다른 팀원에게 공격력 66.0% 상승 효과를 부여한다. 지속 시간 6.0초.','2026-02-16 03:53:13',NULL),(10,'pyrothirst','갈망','3c4ec473-2c30-41be-9c7a-ca33605efa60.png','melee','greatsword','smash',NULL,213.39,24.00,210.00,1.00,20.00,0.00,0.00,NULL,NULL,NULL,'skillDuration',36.00,'스킬 지속+36.0%','2026-02-16 03:59:07',NULL),(11,'ironforger','철의 주조자','9b449b0a-577e-493e-9207-5953f99e775c.png','melee','greatsword','slash',NULL,225.94,20.00,205.00,1.00,27.00,0.00,0.00,NULL,NULL,NULL,'critRate',100.00,'치명타 확률+100.0%. 해당 무기로 대미지를 입혀 추가 효과 발동 시, 4.2% 확률로 자신의 콤보 레벨이 최대치에 도달한다.','2026-02-16 04:10:58',NULL),(12,'eternalFarewell','오랜 세월의 결별','6c53d17b-724c-4759-bfef-d29cbb4141d0.png','melee','greatsword','slash','electro',276.15,20.00,200.00,1.00,33.00,0.00,0.00,NULL,NULL,NULL,'morale',30.00,'격양+30.0%. 번개 속성 캐릭터가 종결 스킬 시전 시, 스킬 위력 50.0% 상승 효과 1단계를 획득한다. 지속 시간 12.0초, 최대 3.0단계 중첩.','2026-02-16 04:12:43',NULL),(13,'punitiveInferno','징벌의 지옥불','8e39d817-9687-45c5-82cd-efb3c8f7a13f.png','melee','greatsword','smash','pyro',238.49,24.00,205.00,1.00,15.00,0.00,0.00,NULL,NULL,NULL,'hp_per',100.00,'최대 HP+100.0%. 불 속성 캐릭터가 대미지를 받을 시, 스킬 지속 30.0% 상승 효과 1단계를 획득한다. 지속 시간 8.0초, 최대 3.0단계 중첩.','2026-02-16 04:14:02',NULL),(14,'fathomlessSharkgaze','유령 상어의 눈','110fea4b-8445-4aa8-80e2-c591b1e21611.png','melee','dualBlades','spike',NULL,2514.00,20.00,235.00,1.00,28.00,0.00,0.00,NULL,NULL,NULL,'skillRange',72.00,'스킬 범위+72.0%','2026-02-16 04:16:08',NULL),(15,'aurateYore','금빛 세월','022ac931-74c0-4a60-b351-e9bf8e8eae3d.png','melee','dualBlades','smash',NULL,225.94,24.00,215.00,1.00,15.00,0.00,0.00,NULL,NULL,NULL,'critDamage',125.00,'치명타 피해+125.0%. 해당 무기로 슬라이드 공격 대미지를 입힐 시, 치명타 확률이 150.0% 상승.','2026-02-16 04:17:55',NULL),(16,'exiledFangs','유랑자의 쌍송곳니','0cb56818-93a0-48cc-9c24-2fcf852e4c13.png','melee','dualBlades','slash',NULL,263.60,16.00,210.00,1.00,33.00,0.00,0.00,NULL,NULL,NULL,'attackSpeed',50.00,'공격 속도+50.0%. 해당 무기로 대미지를 입혀 추가 효과 발동 시, 만약 자신의 HP비율이 25% 미만이라면, 45.0% 확률로 자신의 최대 HP의 3.0% 회복.','2026-02-16 04:19:21',NULL),(17,'skyfallDuality','풍운결','e05308db-9dfd-4549-ae9c-720ce73b7227.png','melee','dualBlades','spike',NULL,251.40,22.00,200.00,1.00,20.00,0.00,0.00,NULL,NULL,NULL,'attackRange',2.00,'공격 범위+2.0.\n무기로 차지 공격을 시전할 시, 12.0% 확률로 콤보 포인트를 소모하지 않는다.','2026-02-16 04:22:12',NULL),(18,'wanewraith','퇴락','ff7ec8f9-88a8-4138-bdb9-aead881fe30a.png','melee','polearm','slash',NULL,238.49,25.00,200.00,1.00,15.00,0.00,0.00,NULL,NULL,NULL,'skillIntensity',48.00,'스킬 위력+48.0%','2026-02-16 04:25:31',NULL),(19,'elpidesAbound','희망의 풍작','2ef8a21a-4c38-4c7c-a01f-991184480c1f.png','melee','polearm','slash','anemo',276.15,23.00,250.00,1.00,10.00,0.00,0.00,NULL,NULL,NULL,'resolve',10.00,'바람 속성 캐릭터가 종결 스킬 시전 후 [천풍 기망]을 획득한다. 필사 상승 16.0%, 공격 속도 상승 30.0%, 지속 시간 15.0초, 스킬 대미지를 입힐 때와 원거리 무기 대미지를 입힐 때마다 지속 시간이 0.2초 연장된다.','2026-02-16 04:27:14',NULL),(20,'vernalJadeHalberd','봄의 미늘창','906ba44b-0f5d-4c72-ba16-bcf4b584999d.png','melee','polearm','spike',NULL,225.94,24.00,215.00,1.00,30.00,0.00,0.00,NULL,NULL,NULL,'attackSpeed',50.00,'공격 속도+50.0%. 해당 무기로 대미지를 입힐 시, 속성 추가 발동 효과를 보유한 대상에게 입히는 대미지가 90.0% 상승한다.','2026-02-16 04:28:59',NULL),(21,'sirensKiss','세이렌의 입맞춤','54af4f70-2494-4952-82aa-110a91726266.png','melee','polearm','spike',NULL,263.60,22.00,220.00,1.00,22.00,0.00,0.00,NULL,NULL,NULL,'skillRange',60.00,'스킬 범위+60.0%. 해당 무기로 기본 공격 적중 시, 공격 속도 7.2% 상승 효과 1단계를 획득한다. 지속 시간 15.0초, 최대 12.0단계 중첩. 다른 무기로 전환 시 효과가 사라진다.','2026-02-16 04:30:30',NULL),(22,'doveOfTomorrow','미래의 비둘기','9623dd5e-7985-40af-a42f-0e058d41b941.png','melee','polearm','smash',NULL,263.60,20.00,185.00,1.00,30.00,0.00,0.00,NULL,NULL,NULL,'critRate',100.00,'치명타 확률+100.0%. 해당 무기로 일반 공격 대미지를 입힐 시, 3.4% 확률로 자신의 원거리 무기 탄창을 장전한다.','2026-02-16 04:31:50',NULL),(23,'venialSinscales','죄의 역린','2ea386bd-bd96-4aeb-9e0a-3286002a5795.png','melee','polearm','smash','electro',251.04,30.00,200.00,1.00,15.00,0.00,0.00,NULL,NULL,NULL,'skillIntensity',40.00,'스킬 위력+40.0%. 번개 속성 캐릭터가 낙하 공격 대미지를 입힐 시, 자신과 번개 속성 팀원이 스킬 대미지 10.0% 상승 효과 1단계를 획득한다. 지속 시간 10.0초, 최대 5단계 중첩.','2026-02-16 04:34:22',NULL),(24,'tetherlash','뒤엉킨 매듭','f955e0f2-e6c2-43b3-b0ec-534a44962212.png','melee','whipsword','smash',NULL,238.49,18.00,215.00,1.00,30.00,0.00,0.00,NULL,NULL,NULL,'skillDuration',36.00,'스킬 지속+36.0%','2026-02-16 04:35:43',NULL),(25,'halcyonGracefall','은혜의 단비','b86799da-a13a-4e96-87aa-81a8c4a7e6c0.png','melee','whipsword','slash','hydro',225.94,30.00,210.00,1.00,15.00,0.00,0.00,NULL,NULL,NULL,'skillIntensity',40.00,'스킬 위력+40.0%. 물 속성 캐릭터가 해당 무기로 크리티컬 발동 시, 다른 팀원에게 스킬 대미지 34.0% 상승 효과를 부여한다. 지속 시간 6.0초.','2026-02-16 04:36:55',NULL),(26,'undyingOneiros','불변의 꿈바다','fac015b3-76a8-412a-b219-4ad05562ab58.png','melee','whipsword','spike',NULL,263.60,20.00,225.00,1.00,30.00,0.00,0.00,NULL,NULL,NULL,'hp_per',100.00,'최대 HP+100.0%. 해당 무기로 대미지를 입혀 추가 효과 발동 시, 최대 HP 17.2% 상승 효과를 1단계 획득한다. 지속 시간 15.0초, 최대 10.0단계 중첩.','2026-02-16 04:38:43',NULL),(27,'viridisReefs','검푸른 산호','7ba02529-2923-4110-8ec8-6b4d796dcd3f.png','melee','whipsword','spike',NULL,213.39,26.00,235.00,1.00,12.00,0.00,0.00,NULL,NULL,NULL,'triggerProbability',150.00,'발동 확률+150.0%. 해당 무기로 차지 공격 시, 공격 속도가 88.0% 상승한다. 지속 시간 6.0초. 다른 무기로 전환 시 효과가 사라진다.','2026-02-16 04:40:06',NULL),(28,'emblaInflorescence','엠블라의 꽃차례','e8b2feee-459e-490d-bc88-eb3a39ff7752.png','ranged','bow','slash','lumino',188.28,22.00,220.00,1.00,30.00,NULL,NULL,1,150,125.00,'skillRange',60.00,'스킬 범위+60.0%. 차지 시 범위 내의 적을 순차적으로 타깃으로 지정하고, 시전 시 해당 대상에게 추적 화살을 발사한다. 빛 속성 캐릭터로 스킬 대미지를 입힌 후, 자신이 스킬 대미지 70.0% 상승 효과를 획득한다. 지속 시간 6.0초.','2026-02-16 04:42:32',NULL),(29,'arclightApocalypse','아크 에이지','2bfa2f20-097d-4771-a445-aaf7118e9a05.png','ranged','bow','smash',NULL,225.94,26.00,220.00,1.00,20.00,NULL,NULL,1,150,475.00,'skillDuration',30.00,'스킬 지속+30.0%. 해당 무기로 크리티컬 발동 시, 다른 팀원에게 공격력 20.0% 상승, 방어력 20.0% 상승, 스킬 위력 15.0% 상승, 스킬 지속 20.0% 상승 중의 1개를 부여한다. 지속 시간 16.0초.','2026-02-16 04:44:20',NULL),(30,'soulrend','열혼','07df52fe-a6ee-49ac-9d83-dbe2238f0728.png','ranged','bow','smash',NULL,238.49,22.00,205.00,1.00,33.00,NULL,NULL,1,150,475.00,'skillRange',72.00,'스킬 범위+72.0%','2026-02-16 04:45:16',NULL),(31,'searingSandwhisper','열염의 모래','9c6904ba-ea39-44eb-8b07-e00556756af9.png','ranged','bow','spike',NULL,213.39,19.00,200.00,1.00,20.00,NULL,NULL,1,50,50.00,'attackSpeed',50.00,'공격 속도+50.0%. 각 화살이 적 1명에게 명중할 때마다 해당 화살의 대미지가 18.0% 상승한다. 최대 90.0% 상승.','2026-02-16 04:47:09',NULL),(32,'silverwhiteEdict','은백의 명령','68c942ec-5c1e-47d7-96a2-dae5c760bbb0.png','ranged','grenadeLauncher','spike',NULL,238.49,25.00,235.00,1.00,30.00,NULL,NULL,1,500,330.00,'attackSpeed',50.00,'공격 속도+50.0%. 해당 무기로 공격하여 추가 효과 발동 시, 공격 속도 10.0% 상승 효과 1단계를 획득한다. 지속 시간 12.0초, 최대 10.0단계 중첩. 다른 무기로 전환 시 효과가 사라진다.','2026-02-16 05:33:09',200),(33,'guixuRatchet','귀허의 래칫','3ace198a-1874-44b1-9782-e41e19c8ebd3.png','ranged','grenadeLauncher','',NULL,200.84,22.00,215.00,1.00,20.00,NULL,NULL,1,20,30.00,'critDamage',125.00,'치명타 피해+125.0%. 탄환이 적이나 환경에 명중하면 2개의 탄환으로 분열되어 계속 전진한다. 이 무기로 전환 후, 다중 사격 상승 효과를 획득한다. 최대 73.0% 상승. 상승 효과는 시간 경과에 따라 점차 감소된다. 효과가 10초당 최대 1회 발동하며, 다른 무기로 전환 시 효과가 사라진다.','2026-02-16 05:56:22',8),(34,'destructo','와해','ce4ead06-b939-4734-ab8b-3bc06d48082d.png','ranged','grenadeLauncher','smash',NULL,225.94,20.00,180.00,1.00,20.00,NULL,NULL,1,40,35.00,'skillRange',72.00,'스킬 범위+72.0%','2026-02-16 05:57:14',8),(36,'stellarFinality','별들의 심판','8c40ad87-4c8f-45f5-88b1-e66849b9da0d.png','ranged','grenadeLauncher','smash',NULL,175.73,20.00,240.00,1.00,18.00,NULL,NULL,1,40,25.00,'explosionRange',0.50,'폭발 범위+0.5. 탄환이 폭발한 후, 6개의 탄환으로 분열되어 다시 폭발 대미지를 입힌다. 이 무기로 대상을 처치할 시, 1단계의 치명타 피해 175.5% 상승 효과를 획득한다. 지속 시간 15.0초. 최대 10.0단계 중첩. 다른 무기로 전환 시 효과가 사라진다.','2026-02-16 06:00:39',8),(37,'bluecurrentPulse','블루 펄스','075093e5-b06c-443b-81a3-c8e1c201d891.png','ranged','dualPistols','spike',NULL,238.49,20.00,225.00,1.00,25.00,NULL,NULL,1,150,60.00,'skillDuration',30.00,'스킬 지속+30.0%. 탄환이 적이나 환경에 명중하면 한 번 반사한다. 이 무기로 대미지를 입힐 시, 쌍권총 무기 대미지 90.0% 상승 효과를 획득한다. 지속 시간 30.0초.','2026-02-16 06:03:03',20),(38,'excresduo','반생','2775aafd-a52e-4c08-a708-dec728cdcbe5.png','ranged','dualPistols','spike',NULL,263.60,20.00,220.00,1.00,28.00,NULL,NULL,1,150,60.00,'skillIntensity',48.00,'스킬 위력+48.0%','2026-02-16 06:04:10',20),(39,'sacrosanctChorus','거룩한 노래','83689f39-88fc-40c7-8c32-8e8e14b69137.png','ranged','dualPistols','slash',NULL,225.94,25.00,200.00,1.00,15.00,NULL,NULL,1,150,60.00,'critRate',100.00,'치명타 확률+100.0%. 해당 무기로 치명타 발동 시, 다중 사격 12.5% 상승 효과 1단계를 획득한다. 지속 시간 12.0초, 최대 10.0단계 중첩. 다른 무기로 전환 시 효과가 사라진다.','2026-02-16 06:05:37',20),(40,'sacrosanctDecree','신의 성언','016a1676-2c1e-4f2a-86f0-79716d634b80.png','ranged','pistol','spike',NULL,225.94,25.00,205.00,1.00,30.00,NULL,NULL,1,150,40.00,'multishot',75.00,'다중 사격+75.0%. 해당 무기로 대미지를 입혀 추가 효과 발동 시, 근접 무기로 입힌느 대미지가 70.0% 상승한다. 지속 시간 12.0초.','2026-02-16 06:07:51',15),(41,'rendhusk','박리','5bb9b705-205e-44c1-9723-ec829d4b0e76.png','ranged','pistol','smash',NULL,188.28,25.00,230.00,1.00,15.00,NULL,NULL,1,150,40.00,'attack_per',120.00,'캐릭터 공격력+120.0%','2026-02-16 06:08:53',15),(42,'entropicSingularity','무질서의 특이점','d68b3411-0180-4368-8496-cf4935c4d3b4.png','ranged','pistol','slash',NULL,200.84,20.00,210.00,10.00,33.00,NULL,NULL,1,150,40.00,'triggerProbability',150.00,'발동 확률+150.0%. 해당 무기로 사격 시, 해당 무기의 발동 확률에 따라 1개의 탄환을 추가로 발사하며, 탄환을 소모하지 않는다. 명중 시 해당 무기 공격력 100.0%의 범위 대미지를 입힌다.','2026-02-16 06:10:19',20),(43,'blastArtistry','폭파의 예술','6c5a0546-a259-46f7-a1cd-9a8f1162c0b7.png','ranged','shotgun','smash','umbro',188.28,15.00,165.00,1.00,10.00,NULL,NULL,1,60,30.00,'attack_per',100.00,'캐릭터 공격력+100.0%. 차지 시 천천히 전진하는 특수 탄환을 1개 발사하며, 일정 시간이 지나면 폭발하여 범위 대미지를 입힌다. 사격을 눌러 발사된 탄환이 특수 탄환에 명중하면 특수 탄환을 사전 폭발시킨다. 어둠 속성 캐릭터가 종결 스킬 시전 후, 자신이 스킬 효율 40.0% 상승 효과를 획득한다. 지속 시간 15.0초.','2026-02-16 08:27:30',12),(44,'dayOfSacredVerdict','성재의 날','ddd02fa1-f26f-42d0-9421-08e4969c184b.png','ranged','shotgun','slash',NULL,213.39,20.00,200.00,1.00,15.00,NULL,NULL,1,60,25.00,'critDamage',125.00,'치명타 피해+125.0%. 탄환 발사 후 조준점 방향을 따라 움직인다. 해당 무기로 대미지를 입힐 시, 대상과의 거리가 멀수록 대미지가 상승한다. 최대 90.0% 상승.','2026-02-16 08:29:07',5),(45,'screamshot','비탄의 메아리','51aede45-1b56-4347-85b3-91a63725f324.png','ranged','shotgun','spike',NULL,225.94,20.00,180.00,1.00,20.00,NULL,NULL,1,60,50.00,'skillDuration',36.00,'스킬 지속+36.0%','2026-02-16 08:30:08',6),(46,'silentSower','침묵의 배양자','f1f43de9-ab99-425c-80b4-21e881165c81.png','ranged','shotgun','smash',NULL,200.84,16.00,180.00,1.00,15.00,NULL,NULL,1,90,25.00,'critRate',100.00,'치명타 확률+100.0%. 탄환이 대상에 부착되어 3초 후 폭발한다. 같은 위치에 탄환이 부착될 시 중첩되어 폭발의 대미지와 범위가 상승한다. 1/2/3회 중첩 시 원래 대미지의 260.0%/460.0%/710.0%를 입힌다.','2026-02-16 08:31:45',12),(47,'dreamweaversFeather','꿈의 하얀 깃털','7017afbd-6817-43d1-937b-19ab43d56279.png','ranged','assaultRifle','slash','lumino',188.28,24.00,240.00,1.00,15.00,NULL,NULL,1,120,150.00,'skillRange',60.00,'스킬 범위+60.0%. 빛 속성 캐릭터가 추가 대미지를 입힐 시, 30.0% 확률로 다른 팀원에게 공격력 18.0% 상승 효과 1단계를 획득한다. 지속 시간 15.0초. 최대 10.0단계 중첩.','2026-02-16 08:33:49',50),(48,'cloudveilUnfurl','공작의 춤','abcc6865-f80d-4f78-b9d7-c10641cc435e.png','ranged','assaultRifle','spike',NULL,200.84,22.00,210.00,1.00,15.00,NULL,NULL,1,150,210.00,'magCapacity',60.00,'탄창 용량+60.0%. 해당 무기로 입힌 대미지가 크리티컬 발동 시, 자신이 1단계의 공격 속도가 10.0% 상승한다. 지속 시간 6.0초, 최대 10.0단계 중첩. 다른 무기로 전환 시 효과가 사라진다.','2026-02-16 08:37:01',60),(49,'daybreakHymn','새벽의 찬송가','c502c128-b5fa-46f2-acd8-5e2121d77573.png','ranged','assaultRifle','spike',NULL,225.94,26.00,245.00,1.00,24.00,NULL,NULL,1,100,110.00,'multishot',75.00,NULL,'2026-02-16 08:38:55',30),(50,'flammeDeEpuration','정화의 불','d0955dd1-2ba3-494d-adbe-b5eef775a8d1.png','ranged','assaultRifle','slash',NULL,238.49,15.00,200.00,1.00,33.00,NULL,NULL,1,120,150.00,'triggerProbability',150.00,'발동 확률+150.0%. 해당 무기로 대미지를 입혀 추가 효과 발동 시, 60.0% 확률로 탄환을 1발 장전한다.','2026-02-16 08:40:26',50),(51,'exiledThunderwyrm','방출하는 천둥','b715a4c7-537e-4c00-b612-dd832919f284.png','ranged','assaultRifle','spike','electro',188.28,25.00,220.00,1.00,15.00,NULL,NULL,1,160,160.00,'triggerProbability',150.00,'발동 확률+150.0%. 광선을 발사해 공격한다. 광선이 적에게 명중 시 주변 최대 4명의 적에게 반사된다. 번개 속성 캐릭터가 해당 무기로 대미지를 입혀 추가 효과 발동 시, 자신이 무기 대미지 90.0% 상승 효과를 획득한다. 지속 시간 10.0초.','2026-02-16 08:42:18',30),(52,'osteobreaker','발골','a3ba3e94-12fc-496d-86fd-d698572897d9.png','ranged','assaultRifle','spike',NULL,213.39,23.00,225.00,1.00,30.00,NULL,NULL,1,200,200.00,'skillDuration',36.00,'스킬 지속+36.0%','2026-02-16 08:43:18',50),(53,'ephemeralLumina','덧없는 달빛','099639da-79a6-40a3-bf3c-6c1e4ec92f73.png','ranged','assaultRifle','slash','lumino',225.94,22.00,220.00,1.00,33.00,NULL,NULL,1,15,10.00,'skillDuration',30.00,'탄환이 환경에 명중하거나 일정 거리 비행 후, 자신의 위치로 돌아오며, 돌아온 후 탄약 1개를 추가한다. 빛 속성 캐릭터가 대미지를 입힐 때 추가 효과를 발동하면, 1단계의 공격 35.0% 상승 효과를 획득한다. 지속 시간 24.0초. 최대 9.0단계 중첩. 종결 스킬을 사용할 때 모든 단계의 지속 시간을 24.0초로 리셋한다.','2026-02-16 08:48:14',0),(54,'submergedSerenade','파도의 선율','a6e95996-8c0e-4f1a-9728-108af8eb8e77.png','ranged','assaultRifle','slash',NULL,200.84,22.00,220.00,1.00,25.00,NULL,NULL,1,10,10.00,'critDamage',125.00,'치명타 피해+125.0%. 탄환이 환경에 명중하거나 일정 거리 비행 후, 자신의 위치로 돌아오며, 돌아온 후 탄약 1개를 추가한다. 무기의 최대 탄약이 1개 증가할 때마다, 입힌 대미지가 9.0%만큼 상승한다. 최대 90.0% 상승.','2026-02-16 08:54:35',0),(55,'trigonMuse','트라이앵글 뮤즈','07f99124-777d-4c6b-bdd7-5a693fd6de5f.png','ranged','assaultRifle','spike',NULL,225.94,24.00,215.00,1.00,28.00,NULL,NULL,1,120,220.00,'magCapacity',60.00,'탄창 용량+60.0%. 해당 무기로 사격하여 탄환 10발 소모 후, 탄창의 남은 탄환을 전부 소모해 특수 탄환 1개를 발사하여 범위 대미지를 입힌다. 탄환을 1개 소모할 때마다 이번 대미지가 3.4% 상승한다. 최대 102.0% 상승. 해당 무기를 사용하여 적 처치 시, 50.0% 확률로 탄환을 1개 획득한다.','2026-02-16 08:56:26',40);
/*!40000 ALTER TABLE `weapons` ENABLE KEYS */;
UNLOCK TABLES;

--
-- Dumping routines for database 'dna'
--
/*!40103 SET TIME_ZONE=@OLD_TIME_ZONE */;

/*!40101 SET SQL_MODE=@OLD_SQL_MODE */;
/*!40014 SET FOREIGN_KEY_CHECKS=@OLD_FOREIGN_KEY_CHECKS */;
/*!40014 SET UNIQUE_CHECKS=@OLD_UNIQUE_CHECKS */;
/*!40101 SET CHARACTER_SET_CLIENT=@OLD_CHARACTER_SET_CLIENT */;
/*!40101 SET CHARACTER_SET_RESULTS=@OLD_CHARACTER_SET_RESULTS */;
/*!40101 SET COLLATION_CONNECTION=@OLD_COLLATION_CONNECTION */;
/*!40111 SET SQL_NOTES=@OLD_SQL_NOTES */;

-- Dump completed on 2026-02-17 14:30:02
